row_id,efficiency_binning_quantile,eff_times_minutes_binning_quantile,plus_minus_binning_quantile,eff_per_point_binning_quantile,opponent_freq,team_freq
1,2,1,5,5,0.03194444444444444,0.03208333333333333
2,6,3,7,4,0.030972222222222224,0.03208333333333333
3,15,5,5,2,0.03208333333333333,0.03763888888888889
4,3,2,5,2,0.030972222222222224,0.03388888888888889
5,3,1,3,1,0.034861111111111114,0.034027777777777775
6,10,4,5,5,0.03347222222222222,0.03263888888888889
7,6,2,6,6,0.035,0.03208333333333333
8,15,5,5,6,0.03236111111111111,0.03208333333333333
9,15,5,2,6,0.034027777777777775,0.03208333333333333
10,18,6,4,4,0.03263888888888889,0.03166666666666667
11,4,2,5,2,0.03347222222222222,0.03333333333333333
12,12,5,3,2,0.03194444444444444,0.03638888888888889
13,16,6,7,6,0.03194444444444444,0.030972222222222224
14,7,2,1,1,0.03138888888888889,0.03375
15,17,6,7,3,0.03347222222222222,0.035555555555555556
16,15,3,3,4,0.032916666666666664,0.03263888888888889
17,15,4,6,5,0.03208333333333333,0.03013888888888889
18,8,3,6,2,0.03208333333333333,0.029583333333333333
19,1,1,4,1,0.030972222222222224,0.03333333333333333
20,7,3,2,6,0.03180555555555555,0.03375
21,19,6,1,6,0.034722222222222224,0.03666666666666667
22,4,2,3,6,0.034861111111111114,0.034861111111111114
23,16,5,2,6,0.03763888888888889,0.03208333333333333
24,11,5,5,1,0.03208333333333333,0.034027777777777775
25,1,1,1,2,0.035555555555555556,0.03333333333333333
26,13,4,7,4,0.03208333333333333,0.034861111111111114
27,13,4,4,4,0.03138888888888889,0.03333333333333333
28,7,3,5,4,0.0375,0.03166666666666667
29,9,2,7,5,0.030972222222222224,0.03333333333333333
30,16,5,1,5,0.03138888888888889,0.03166666666666667
31,4,2,1,3,0.035416666666666666,0.03388888888888889
32,1,1,4,3,0.034027777777777775,0.03333333333333333
33,6,2,6,6,0.03236111111111111,0.03208333333333333
34,5,2,3,5,0.034583333333333334,0.03263888888888889
35,7,3,2,1,0.035694444444444445,0.03208333333333333
36,9,3,1,5,0.03208333333333333,0.03388888888888889
37,16,5,1,2,0.03763888888888889,0.03638888888888889
38,3,2,3,2,0.035555555555555556,0.035555555555555556
39,5,2,2,3,0.035555555555555556,0.03125
40,13,5,4,4,0.03319444444444444,0.03263888888888889
41,12,4,1,3,0.035416666666666666,0.03166666666666667
42,3,2,3,4,0.03166666666666667,0.034722222222222224
43,14,5,6,6,0.0375,0.03333333333333333
44,15,5,2,6,0.03138888888888889,0.03208333333333333
45,1,1,1,6,0.03166666666666667,0.03166666666666667
46,11,4,5,3,0.03263888888888889,0.03388888888888889
47,1,1,7,1,0.03347222222222222,0.03208333333333333
48,11,4,1,6,0.035,0.03375
49,11,3,2,2,0.03236111111111111,0.030972222222222224
50,13,4,3,4,0.03138888888888889,0.03638888888888889
51,3,2,6,3,0.034861111111111114,0.03180555555555555
52,16,4,7,6,0.03194444444444444,0.03333333333333333
53,18,6,5,6,0.030972222222222224,0.03208333333333333
54,2,1,6,1,0.03236111111111111,0.030972222222222224
55,18,6,4,3,0.03236111111111111,0.035555555555555556
56,8,3,5,1,0.03208333333333333,0.03305555555555555
57,16,5,1,2,0.03180555555555555,0.03388888888888889
58,11,4,5,5,0.035,0.034722222222222224
59,7,3,2,1,0.035555555555555556,0.032916666666666664
60,16,5,2,6,0.029722222222222223,0.03263888888888889
61,16,6,5,4,0.034444444444444444,0.03305555555555555
62,17,5,3,4,0.035555555555555556,0.035416666666666666
63,6,2,2,4,0.029722222222222223,0.030972222222222224
64,15,5,1,5,0.032916666666666664,0.03375
65,4,2,5,3,0.034722222222222224,0.03166666666666667
66,9,2,5,6,0.03763888888888889,0.03680555555555556
67,1,1,7,6,0.035555555555555556,0.030972222222222224
68,1,1,1,3,0.03208333333333333,0.03375
69,16,5,5,1,0.029722222222222223,0.03013888888888889
70,4,2,5,5,0.034861111111111114,0.03263888888888889
71,4,2,2,2,0.035555555555555556,0.03666666666666667
72,18,6,4,2,0.034444444444444444,0.03013888888888889
73,11,4,2,6,0.035,0.03305555555555555
74,4,2,4,4,0.034583333333333334,0.034166666666666665
75,1,1,2,4,0.03194444444444444,0.03388888888888889
76,14,5,5,4,0.03194444444444444,0.03375
77,3,1,3,4,0.030972222222222224,0.035416666666666666
78,9,4,2,2,0.0375,0.03375
79,10,3,7,3,0.035416666666666666,0.03333333333333333
80,13,5,3,1,0.03166666666666667,0.03013888888888889
81,7,2,4,5,0.034583333333333334,0.030972222222222224
82,17,4,3,5,0.030972222222222224,0.03125
83,12,3,6,3,0.032916666666666664,0.032916666666666664
84,8,3,3,3,0.030972222222222224,0.03388888888888889
85,14,3,7,3,0.03236111111111111,0.03763888888888889
86,14,5,5,1,0.035694444444444445,0.03763888888888889
87,5,2,2,1,0.035,0.03013888888888889
88,8,3,7,4,0.03194444444444444,0.03305555555555555
89,6,2,3,1,0.03194444444444444,0.03208333333333333
90,5,2,3,2,0.03166666666666667,0.029583333333333333
91,15,5,3,3,0.032916666666666664,0.03333333333333333
92,5,3,1,2,0.030972222222222224,0.03166666666666667
93,9,2,3,6,0.03180555555555555,0.03388888888888889
94,13,6,7,4,0.03138888888888889,0.03763888888888889
95,16,5,2,4,0.035694444444444445,0.032916666666666664
96,10,2,2,5,0.03236111111111111,0.03208333333333333
97,20,6,4,3,0.035555555555555556,0.03680555555555556
98,9,4,3,3,0.03138888888888889,0.034861111111111114
99,19,6,1,3,0.032916666666666664,0.03388888888888889
100,18,6,7,5,0.034861111111111114,0.034166666666666665
101,10,4,5,2,0.034583333333333334,0.03375
102,2,1,5,3,0.035,0.03013888888888889
103,10,4,2,1,0.034861111111111114,0.03263888888888889
104,16,5,1,4,0.03319444444444444,0.035416666666666666
105,1,1,2,1,0.03194444444444444,0.03333333333333333
106,3,1,4,2,0.03138888888888889,0.03375
107,2,1,2,6,0.03194444444444444,0.034027777777777775
108,15,4,5,3,0.034583333333333334,0.034166666666666665
109,1,1,5,1,0.034861111111111114,0.03333333333333333
110,9,2,1,4,0.03208333333333333,0.029583333333333333
111,13,5,7,3,0.034027777777777775,0.03013888888888889
112,20,6,1,2,0.034861111111111114,0.030972222222222224
113,18,6,1,4,0.03763888888888889,0.032916666666666664
114,2,1,4,6,0.03236111111111111,0.035555555555555556
115,18,6,2,6,0.035416666666666666,0.034027777777777775
116,4,2,5,4,0.030972222222222224,0.03333333333333333
117,10,4,7,1,0.0375,0.03763888888888889
118,16,5,1,3,0.030972222222222224,0.03013888888888889
119,15,5,5,5,0.029722222222222223,0.03263888888888889
120,16,5,3,2,0.030972222222222224,0.034027777777777775
121,11,3,6,6,0.035,0.035555555555555556
122,18,6,6,4,0.030972222222222224,0.03388888888888889
123,19,5,1,4,0.035555555555555556,0.03013888888888889
124,6,2,1,4,0.030972222222222224,0.03125
125,17,5,7,4,0.03263888888888889,0.03013888888888889
126,14,4,3,2,0.03263888888888889,0.03680555555555556
127,15,5,6,5,0.035416666666666666,0.03013888888888889
128,7,2,4,1,0.03236111111111111,0.030972222222222224
129,3,2,2,2,0.03236111111111111,0.03638888888888889
130,16,5,5,1,0.03138888888888889,0.034027777777777775
131,18,5,3,4,0.03208333333333333,0.03305555555555555
132,15,5,4,3,0.03208333333333333,0.03638888888888889
133,10,2,1,4,0.035555555555555556,0.03333333333333333
134,13,5,1,5,0.035555555555555556,0.032916666666666664
135,4,2,4,5,0.03347222222222222,0.03388888888888889
136,8,4,7,1,0.034444444444444444,0.03638888888888889
137,9,4,3,5,0.03138888888888889,0.03180555555555555
138,16,6,7,5,0.03236111111111111,0.03375
139,5,2,5,5,0.032916666666666664,0.03305555555555555
140,12,4,4,5,0.03194444444444444,0.034861111111111114
141,7,3,1,1,0.030972222222222224,0.03333333333333333
142,6,2,5,6,0.035555555555555556,0.03763888888888889
143,18,6,4,5,0.03236111111111111,0.03333333333333333
144,8,2,3,4,0.03208333333333333,0.032916666666666664
145,14,5,6,5,0.03319444444444444,0.03166666666666667
146,10,4,2,5,0.030972222222222224,0.030972222222222224
147,12,2,7,5,0.034027777777777775,0.03388888888888889
148,12,4,6,2,0.035555555555555556,0.03180555555555555
149,8,4,6,1,0.034444444444444444,0.03375
150,6,3,4,1,0.034861111111111114,0.03305555555555555
151,15,4,1,4,0.035416666666666666,0.03680555555555556
152,11,3,4,3,0.0375,0.03305555555555555
153,1,1,4,6,0.03208333333333333,0.03208333333333333
154,13,3,4,4,0.03347222222222222,0.034027777777777775
155,3,1,4,6,0.03263888888888889,0.035416666666666666
156,10,3,5,2,0.03208333333333333,0.03125
157,19,6,5,3,0.035,0.03388888888888889
158,16,5,4,5,0.03347222222222222,0.03305555555555555
159,5,2,2,6,0.034444444444444444,0.03666666666666667
160,8,3,1,3,0.03194444444444444,0.03263888888888889
161,18,6,4,1,0.032916666666666664,0.034166666666666665
162,3,1,2,5,0.03194444444444444,0.03333333333333333
163,13,4,7,2,0.03208333333333333,0.034722222222222224
164,19,6,6,2,0.035555555555555556,0.03125
165,1,1,5,2,0.035,0.03180555555555555
166,13,4,3,1,0.032916666666666664,0.032916666666666664
167,6,3,6,6,0.03194444444444444,0.034722222222222224
168,15,5,6,4,0.03194444444444444,0.03208333333333333
169,16,5,3,3,0.03763888888888889,0.03638888888888889
170,15,4,4,6,0.03208333333333333,0.03180555555555555
171,1,1,2,3,0.034444444444444444,0.035416666666666666
172,18,6,1,2,0.029722222222222223,0.035416666666666666
173,16,5,7,4,0.035555555555555556,0.03333333333333333
174,3,1,2,4,0.030972222222222224,0.030972222222222224
175,4,1,1,6,0.034583333333333334,0.034861111111111114
176,1,1,4,1,0.03319444444444444,0.03388888888888889
177,8,3,7,2,0.034444444444444444,0.03375
178,7,2,1,4,0.030972222222222224,0.034166666666666665
179,19,6,4,4,0.0375,0.03375
180,1,1,6,4,0.03263888888888889,0.03333333333333333
181,3,1,3,4,0.03180555555555555,0.034027777777777775
182,1,1,5,1,0.034722222222222224,0.03680555555555556
183,5,2,2,1,0.03208333333333333,0.034166666666666665
184,16,5,5,6,0.035,0.03763888888888889
185,8,2,2,1,0.034444444444444444,0.03166666666666667
186,17,6,6,4,0.034861111111111114,0.034722222222222224
187,4,2,3,5,0.03208333333333333,0.034027777777777775
188,13,5,4,3,0.035555555555555556,0.03388888888888889
189,12,4,1,2,0.03347222222222222,0.032916666666666664
190,15,5,7,1,0.03263888888888889,0.034861111111111114
191,10,4,3,1,0.03166666666666667,0.03333333333333333
192,2,1,4,6,0.03319444444444444,0.03333333333333333
193,9,2,4,2,0.035416666666666666,0.03125
194,13,5,3,4,0.029722222222222223,0.03013888888888889
195,8,2,2,6,0.034722222222222224,0.030972222222222224
196,5,2,4,6,0.03236111111111111,0.03375
197,20,6,7,3,0.03194444444444444,0.03125
198,3,1,3,1,0.034583333333333334,0.03388888888888889
199,19,6,3,4,0.034583333333333334,0.03680555555555556
200,12,3,5,5,0.032916666666666664,0.03680555555555556
201,7,3,3,1,0.03208333333333333,0.03375
202,20,6,6,4,0.035555555555555556,0.03180555555555555
203,11,4,5,4,0.035,0.03013888888888889
204,4,2,6,6,0.03180555555555555,0.03263888888888889
205,20,6,4,5,0.0375,0.029583333333333333
206,3,2,2,6,0.0375,0.034722222222222224
207,17,5,6,4,0.03208333333333333,0.035555555555555556
208,1,1,3,1,0.035555555555555556,0.03305555555555555
209,9,3,5,1,0.03138888888888889,0.035416666666666666
210,15,3,5,5,0.03208333333333333,0.03125
211,16,6,3,4,0.035,0.029583333333333333
212,4,2,4,5,0.03208333333333333,0.03333333333333333
213,1,1,5,1,0.03138888888888889,0.03125
214,1,1,5,4,0.035,0.030972222222222224
215,12,4,5,1,0.03319444444444444,0.03763888888888889
216,9,3,1,2,0.03208333333333333,0.034861111111111114
217,9,2,1,1,0.034583333333333334,0.03013888888888889
218,15,5,5,4,0.03194444444444444,0.03333333333333333
219,1,1,1,6,0.035694444444444445,0.03305555555555555
220,4,1,6,4,0.035,0.03013888888888889
221,7,3,1,1,0.029722222222222223,0.034166666666666665
222,13,4,2,3,0.035,0.03375
223,7,3,2,4,0.03194444444444444,0.03333333333333333
224,3,1,3,2,0.035416666666666666,0.03666666666666667
225,10,3,5,6,0.035416666666666666,0.03333333333333333
226,3,1,6,4,0.03138888888888889,0.032916666666666664
227,11,3,7,3,0.03319444444444444,0.03166666666666667
228,3,1,6,1,0.03138888888888889,0.035416666666666666
229,3,1,4,2,0.03347222222222222,0.03263888888888889
230,10,4,1,2,0.034861111111111114,0.03013888888888889
231,2,1,3,6,0.0375,0.035555555555555556
232,12,4,3,2,0.034027777777777775,0.03388888888888889
233,6,2,6,4,0.034444444444444444,0.034861111111111114
234,8,3,5,2,0.03319444444444444,0.03638888888888889
235,17,5,6,4,0.029722222222222223,0.03125
236,18,6,1,4,0.03208333333333333,0.03013888888888889
237,16,5,3,5,0.034861111111111114,0.03680555555555556
238,8,3,4,1,0.030972222222222224,0.03013888888888889
239,18,6,4,5,0.03347222222222222,0.03375
240,19,6,6,2,0.035555555555555556,0.030972222222222224
241,1,1,7,6,0.034722222222222224,0.03305555555555555
242,16,5,6,5,0.035555555555555556,0.03013888888888889
243,3,1,4,6,0.035416666666666666,0.03388888888888889
244,18,6,5,5,0.029722222222222223,0.03666666666666667
245,17,6,6,6,0.03208333333333333,0.03125
246,3,1,7,6,0.034583333333333334,0.034027777777777775
247,13,5,6,5,0.035416666666666666,0.03388888888888889
248,1,1,2,4,0.03208333333333333,0.03013888888888889
249,12,4,2,4,0.03194444444444444,0.03333333333333333
250,3,1,6,5,0.03166666666666667,0.03333333333333333
251,14,4,7,3,0.035,0.03208333333333333
252,12,3,1,3,0.034583333333333334,0.034722222222222224
253,1,1,5,1,0.029722222222222223,0.03333333333333333
254,4,1,4,3,0.029722222222222223,0.03375
255,7,3,6,1,0.035694444444444445,0.034027777777777775
256,1,1,1,4,0.03236111111111111,0.03013888888888889
257,18,6,6,1,0.035416666666666666,0.035555555555555556
258,4,2,6,6,0.030972222222222224,0.03763888888888889
259,14,3,2,5,0.03347222222222222,0.035416666666666666
260,14,5,4,5,0.035555555555555556,0.03013888888888889
261,11,3,5,2,0.03236111111111111,0.03263888888888889
262,5,3,3,5,0.03138888888888889,0.03333333333333333
263,10,4,7,5,0.03236111111111111,0.03013888888888889
264,9,4,4,1,0.03194444444444444,0.03638888888888889
265,10,3,5,4,0.03319444444444444,0.03333333333333333
266,8,2,5,2,0.03263888888888889,0.03166666666666667
267,1,1,4,5,0.034861111111111114,0.03013888888888889
268,6,3,7,4,0.035555555555555556,0.03013888888888889
269,3,1,5,2,0.03763888888888889,0.032916666666666664
270,2,1,3,6,0.03208333333333333,0.03333333333333333
271,20,6,5,4,0.029722222222222223,0.03180555555555555
272,3,1,4,6,0.035,0.03680555555555556
273,17,5,1,4,0.035555555555555556,0.029583333333333333
274,16,6,2,3,0.03138888888888889,0.03013888888888889
275,16,5,2,3,0.03347222222222222,0.03666666666666667
276,9,3,5,5,0.035694444444444445,0.03388888888888889
277,19,6,5,3,0.0375,0.03166666666666667
278,18,6,6,4,0.030972222222222224,0.029583333333333333
279,10,2,1,5,0.03180555555555555,0.03680555555555556
280,7,3,4,1,0.03194444444444444,0.03666666666666667
281,11,4,5,5,0.03180555555555555,0.032916666666666664
282,1,1,1,6,0.032916666666666664,0.03763888888888889
283,14,5,6,3,0.035694444444444445,0.03166666666666667
284,18,6,2,6,0.035,0.032916666666666664
285,14,4,4,5,0.030972222222222224,0.03666666666666667
286,7,2,2,4,0.03763888888888889,0.03375
287,1,1,1,2,0.034861111111111114,0.034722222222222224
288,4,2,7,5,0.030972222222222224,0.03375
289,10,4,1,6,0.03138888888888889,0.030972222222222224
290,5,2,7,3,0.034027777777777775,0.032916666666666664
291,13,4,3,1,0.029722222222222223,0.035416666666666666
292,5,2,6,3,0.030972222222222224,0.034166666666666665
293,13,4,5,4,0.034583333333333334,0.034027777777777775
294,1,1,4,2,0.03763888888888889,0.032916666666666664
295,5,1,1,1,0.029722222222222223,0.029583333333333333
296,16,4,2,5,0.03138888888888889,0.03125
297,4,2,7,4,0.035416666666666666,0.03333333333333333
298,10,3,7,1,0.032916666666666664,0.03013888888888889
299,20,6,4,5,0.03236111111111111,0.03013888888888889
300,11,3,3,5,0.03319444444444444,0.03638888888888889
301,15,5,6,5,0.03138888888888889,0.034027777777777775
302,8,4,4,4,0.034861111111111114,0.03180555555555555
303,12,4,4,4,0.034722222222222224,0.03333333333333333
304,7,2,1,6,0.03180555555555555,0.03208333333333333
305,14,4,4,3,0.035694444444444445,0.03680555555555556
306,11,4,6,2,0.03319444444444444,0.034861111111111114
307,8,4,3,1,0.030972222222222224,0.03180555555555555
308,16,6,7,4,0.03194444444444444,0.034861111111111114
309,3,1,3,3,0.03236111111111111,0.03013888888888889
310,14,4,2,4,0.035555555555555556,0.03013888888888889
311,2,1,1,6,0.035555555555555556,0.03013888888888889
312,1,1,3,6,0.034444444444444444,0.034861111111111114
313,5,2,5,1,0.035694444444444445,0.032916666666666664
314,11,3,5,4,0.03263888888888889,0.034722222222222224
315,8,3,2,6,0.03236111111111111,0.030972222222222224
316,10,2,3,3,0.03194444444444444,0.034861111111111114
317,6,3,3,2,0.03208333333333333,0.03013888888888889
318,13,4,6,5,0.03166666666666667,0.030972222222222224
319,6,2,6,2,0.03138888888888889,0.03333333333333333
320,8,1,4,3,0.03194444444444444,0.03125
321,20,6,5,5,0.035694444444444445,0.03013888888888889
322,7,3,3,4,0.03180555555555555,0.03388888888888889
323,16,4,6,5,0.034861111111111114,0.03125
324,8,3,7,4,0.034027777777777775,0.032916666666666664
325,17,6,2,1,0.035,0.03125
326,9,3,2,5,0.035555555555555556,0.03013888888888889
327,2,2,5,1,0.03236111111111111,0.03305555555555555
328,5,1,1,5,0.03208333333333333,0.03125
329,12,4,5,5,0.03166666666666667,0.03208333333333333
330,10,3,3,3,0.034027777777777775,0.03333333333333333
331,7,2,1,6,0.035416666666666666,0.03388888888888889
332,2,1,5,6,0.03763888888888889,0.03208333333333333
333,18,5,5,4,0.03194444444444444,0.029583333333333333
334,15,3,5,6,0.03138888888888889,0.035555555555555556
335,3,2,4,6,0.03236111111111111,0.03208333333333333
336,3,2,2,3,0.030972222222222224,0.03013888888888889
337,13,4,5,3,0.03194444444444444,0.03263888888888889
338,7,4,6,4,0.035694444444444445,0.034861111111111114
339,2,1,5,3,0.034583333333333334,0.03166666666666667
340,14,5,4,3,0.030972222222222224,0.03333333333333333
341,15,5,1,2,0.03319444444444444,0.03333333333333333
342,13,3,1,6,0.034722222222222224,0.030972222222222224
343,8,3,4,5,0.035,0.03666666666666667
344,2,1,6,6,0.03263888888888889,0.03013888888888889
345,18,6,2,6,0.03208333333333333,0.034027777777777775
346,8,2,2,6,0.034444444444444444,0.03666666666666667
347,2,1,5,3,0.03138888888888889,0.029583333333333333
348,16,5,6,4,0.030972222222222224,0.034166666666666665
349,7,3,3,1,0.034583333333333334,0.034722222222222224
350,8,2,5,5,0.03763888888888889,0.03013888888888889
351,16,5,4,2,0.030972222222222224,0.03013888888888889
352,18,6,6,4,0.03194444444444444,0.03333333333333333
353,3,1,2,6,0.03166666666666667,0.03333333333333333
354,5,2,3,5,0.03236111111111111,0.03388888888888889
355,16,5,5,3,0.03194444444444444,0.03333333333333333
356,20,6,4,3,0.03319444444444444,0.032916666666666664
357,2,1,2,1,0.034444444444444444,0.03208333333333333
358,11,3,7,4,0.03208333333333333,0.034861111111111114
359,15,5,7,5,0.035694444444444445,0.03375
360,10,3,5,6,0.03208333333333333,0.030972222222222224
361,16,4,5,3,0.03319444444444444,0.03013888888888889
362,9,3,2,5,0.035555555555555556,0.034722222222222224
363,16,5,5,1,0.03347222222222222,0.03388888888888889
364,5,2,2,3,0.032916666666666664,0.03375
365,11,4,4,3,0.034027777777777775,0.03333333333333333
366,16,5,6,5,0.034444444444444444,0.03375
367,3,2,5,1,0.030972222222222224,0.035555555555555556
368,3,1,1,6,0.03194444444444444,0.03263888888888889
369,7,2,1,5,0.03263888888888889,0.03638888888888889
370,4,1,1,4,0.034861111111111114,0.034861111111111114
371,2,1,2,3,0.03236111111111111,0.034861111111111114
372,3,2,3,6,0.032916666666666664,0.034861111111111114
373,10,3,6,3,0.029722222222222223,0.029583333333333333
374,11,3,4,5,0.0375,0.035416666666666666
375,3,1,5,4,0.03208333333333333,0.03388888888888889
376,20,6,5,3,0.03263888888888889,0.03180555555555555
377,3,1,2,2,0.035555555555555556,0.03375
378,9,2,2,3,0.034583333333333334,0.03180555555555555
379,1,1,1,4,0.032916666666666664,0.03305555555555555
380,6,2,7,4,0.034027777777777775,0.03680555555555556
381,19,6,4,3,0.029722222222222223,0.034027777777777775
382,16,5,2,3,0.035555555555555556,0.034861111111111114
383,6,2,2,6,0.030972222222222224,0.03388888888888889
384,3,1,1,2,0.030972222222222224,0.03013888888888889
385,10,5,2,1,0.03263888888888889,0.032916666666666664
386,8,3,4,5,0.03263888888888889,0.03305555555555555
387,14,5,5,5,0.035,0.029583333333333333
388,15,5,6,1,0.03236111111111111,0.03125
389,5,2,5,6,0.035555555555555556,0.03763888888888889
390,2,1,1,6,0.0375,0.030972222222222224
391,9,2,2,1,0.035416666666666666,0.03333333333333333
392,15,4,3,6,0.035,0.03013888888888889
393,4,3,6,1,0.03194444444444444,0.03208333333333333
394,6,2,1,3,0.034722222222222224,0.034722222222222224
395,3,1,4,6,0.035555555555555556,0.03180555555555555
396,10,3,1,5,0.03347222222222222,0.03388888888888889
397,15,4,3,3,0.03263888888888889,0.03333333333333333
398,18,6,4,2,0.030972222222222224,0.03208333333333333
399,10,5,5,2,0.03138888888888889,0.03166666666666667
400,3,2,7,6,0.0375,0.034166666666666665
401,1,1,1,2,0.03347222222222222,0.035555555555555556
402,10,3,4,4,0.03208333333333333,0.03638888888888889
403,11,4,6,6,0.030972222222222224,0.03013888888888889
404,4,3,4,2,0.030972222222222224,0.03763888888888889
405,7,2,3,4,0.03208333333333333,0.03666666666666667
406,7,2,5,6,0.03138888888888889,0.03680555555555556
407,2,1,4,6,0.029722222222222223,0.034166666666666665
408,5,2,2,5,0.035416666666666666,0.03305555555555555
409,16,5,6,3,0.03236111111111111,0.03638888888888889
410,8,3,4,2,0.0375,0.034861111111111114
411,5,2,1,1,0.03236111111111111,0.03013888888888889
412,8,3,5,2,0.0375,0.032916666666666664
413,2,1,1,1,0.035555555555555556,0.03763888888888889
414,2,1,2,3,0.035694444444444445,0.034166666666666665
415,7,3,2,2,0.03236111111111111,0.035416666666666666
416,7,3,3,4,0.03208333333333333,0.03013888888888889
417,15,5,5,2,0.030972222222222224,0.03680555555555556
418,14,4,3,3,0.030972222222222224,0.03375
419,3,2,4,2,0.03208333333333333,0.032916666666666664
420,15,5,2,2,0.034861111111111114,0.03125
421,19,6,6,3,0.0375,0.03208333333333333
422,4,3,4,3,0.03180555555555555,0.03666666666666667
423,5,2,2,1,0.034444444444444444,0.03013888888888889
424,13,4,1,5,0.03166666666666667,0.03388888888888889
425,20,6,6,5,0.03319444444444444,0.03388888888888889
426,10,2,5,5,0.03138888888888889,0.035555555555555556
427,5,2,2,5,0.03138888888888889,0.03333333333333333
428,4,1,5,6,0.03236111111111111,0.03208333333333333
429,16,5,3,1,0.03138888888888889,0.03375
430,3,2,5,1,0.029722222222222223,0.03305555555555555
431,7,2,5,3,0.03236111111111111,0.035416666666666666
432,1,1,7,5,0.03763888888888889,0.035555555555555556
433,13,5,2,1,0.034583333333333334,0.03208333333333333
434,16,5,4,3,0.03347222222222222,0.03333333333333333
435,18,5,6,5,0.035416666666666666,0.034027777777777775
436,2,1,6,6,0.03180555555555555,0.035555555555555556
437,16,6,5,1,0.034861111111111114,0.035555555555555556
438,20,6,1,3,0.035555555555555556,0.03166666666666667
439,19,6,3,2,0.035555555555555556,0.035555555555555556
440,13,4,5,2,0.03208333333333333,0.03125
441,10,3,5,5,0.03263888888888889,0.03375
442,3,1,3,6,0.035555555555555556,0.03013888888888889
443,13,3,5,6,0.03166666666666667,0.03180555555555555
444,8,3,5,1,0.03166666666666667,0.03333333333333333
445,18,6,6,6,0.03138888888888889,0.03166666666666667
446,1,1,7,1,0.03194444444444444,0.029583333333333333
447,20,6,6,3,0.03138888888888889,0.03125
448,8,4,5,3,0.0375,0.03208333333333333
449,19,6,7,4,0.03347222222222222,0.034027777777777775
450,9,3,5,4,0.030972222222222224,0.034722222222222224
451,5,2,4,2,0.03319444444444444,0.03305555555555555
452,13,5,2,4,0.03236111111111111,0.03375
453,19,6,7,1,0.03347222222222222,0.035555555555555556
454,18,6,7,2,0.032916666666666664,0.03180555555555555
455,16,5,1,3,0.03194444444444444,0.03125
456,18,6,2,6,0.03194444444444444,0.035555555555555556
457,8,2,2,6,0.034583333333333334,0.034166666666666665
458,2,1,5,3,0.03208333333333333,0.032916666666666664
459,9,3,4,3,0.03236111111111111,0.03180555555555555
460,12,4,3,5,0.035,0.032916666666666664
461,10,3,5,2,0.03138888888888889,0.030972222222222224
462,10,4,5,3,0.030972222222222224,0.03013888888888889
463,20,6,2,6,0.03263888888888889,0.03388888888888889
464,1,1,5,4,0.034861111111111114,0.035416666666666666
465,9,2,6,4,0.035694444444444445,0.03333333333333333
466,16,5,2,6,0.03166666666666667,0.03375
467,6,3,4,6,0.03208333333333333,0.034027777777777775
468,16,5,5,3,0.03236111111111111,0.035555555555555556
469,4,1,5,4,0.03138888888888889,0.03125
470,12,4,4,3,0.034444444444444444,0.03638888888888889
471,14,5,7,4,0.029722222222222223,0.03013888888888889
472,12,4,6,4,0.03347222222222222,0.03333333333333333
473,3,2,6,1,0.029722222222222223,0.03333333333333333
474,19,6,5,1,0.035,0.03013888888888889
475,16,5,6,1,0.035694444444444445,0.03013888888888889
476,19,6,2,3,0.03138888888888889,0.03388888888888889
477,1,1,5,1,0.03138888888888889,0.03013888888888889
478,12,4,5,3,0.03138888888888889,0.03208333333333333
479,20,6,5,4,0.03166666666666667,0.034166666666666665
480,10,4,3,3,0.03236111111111111,0.03013888888888889
481,1,1,7,1,0.035694444444444445,0.035555555555555556
482,16,5,2,2,0.03208333333333333,0.03180555555555555
483,5,2,4,6,0.034027777777777775,0.03208333333333333
484,7,2,2,6,0.035416666666666666,0.03388888888888889
485,20,6,7,6,0.034722222222222224,0.03263888888888889
486,12,2,1,6,0.03208333333333333,0.03388888888888889
487,12,5,4,1,0.03194444444444444,0.034027777777777775
488,4,2,5,4,0.03236111111111111,0.034722222222222224
489,1,1,3,6,0.035,0.03333333333333333
490,13,5,3,1,0.03236111111111111,0.03013888888888889
491,3,1,2,2,0.03236111111111111,0.032916666666666664
492,16,6,4,2,0.03319444444444444,0.03388888888888889
493,14,5,2,4,0.03166666666666667,0.03666666666666667
494,12,5,5,3,0.03194444444444444,0.03680555555555556
495,9,2,2,2,0.03263888888888889,0.03388888888888889
496,5,1,4,6,0.03194444444444444,0.03333333333333333
497,7,2,2,4,0.03263888888888889,0.032916666666666664
498,4,2,7,6,0.03180555555555555,0.03013888888888889
499,8,3,3,4,0.03763888888888889,0.03375
500,3,1,7,1,0.03138888888888889,0.03638888888888889
501,8,2,5,4,0.0375,0.03375
502,10,3,5,3,0.035555555555555556,0.030972222222222224
503,14,5,1,1,0.030972222222222224,0.03333333333333333
504,18,6,4,6,0.030972222222222224,0.03388888888888889
505,1,1,4,2,0.034027777777777775,0.03263888888888889
506,1,2,6,5,0.03194444444444444,0.03263888888888889
507,8,4,4,1,0.035,0.030972222222222224
508,18,6,1,2,0.035,0.03388888888888889
509,10,3,2,2,0.03319444444444444,0.03666666666666667
510,8,3,5,5,0.035555555555555556,0.03125
511,4,2,7,6,0.03236111111111111,0.03638888888888889
512,2,1,5,1,0.034027777777777775,0.03013888888888889
513,14,5,2,1,0.03263888888888889,0.03180555555555555
514,16,5,3,5,0.034861111111111114,0.03208333333333333
515,9,3,6,2,0.034444444444444444,0.034861111111111114
516,20,6,3,6,0.034583333333333334,0.03263888888888889
517,10,3,4,5,0.03166666666666667,0.034166666666666665
518,2,1,5,6,0.03194444444444444,0.03763888888888889
519,18,6,2,6,0.03319444444444444,0.03305555555555555
520,4,1,1,4,0.03319444444444444,0.03638888888888889
521,15,5,5,2,0.034861111111111114,0.035555555555555556
522,1,1,1,6,0.03180555555555555,0.035555555555555556
523,14,4,3,3,0.035416666666666666,0.03763888888888889
524,8,3,6,2,0.03208333333333333,0.029583333333333333
525,8,3,1,3,0.03319444444444444,0.03680555555555556
526,15,5,4,5,0.03138888888888889,0.030972222222222224
527,13,2,2,6,0.03166666666666667,0.03013888888888889
528,15,5,6,4,0.03180555555555555,0.03013888888888889
529,9,4,1,4,0.03194444444444444,0.032916666666666664
530,13,4,7,3,0.034444444444444444,0.034722222222222224
531,7,3,5,1,0.034444444444444444,0.03666666666666667
532,5,3,5,3,0.029722222222222223,0.03333333333333333
533,20,6,7,5,0.034722222222222224,0.03125
534,16,5,5,6,0.034444444444444444,0.03013888888888889
535,3,2,5,6,0.030972222222222224,0.03180555555555555
536,13,4,6,2,0.03236111111111111,0.03333333333333333
537,7,2,5,2,0.03763888888888889,0.034027777777777775
538,14,4,4,4,0.03180555555555555,0.03763888888888889
539,1,1,2,6,0.034027777777777775,0.034166666666666665
540,1,1,3,5,0.030972222222222224,0.034166666666666665
541,18,5,4,4,0.035555555555555556,0.03680555555555556
542,5,1,2,6,0.03180555555555555,0.03263888888888889
543,5,2,5,2,0.03194444444444444,0.034861111111111114
544,19,6,5,4,0.03208333333333333,0.03125
545,11,5,4,1,0.035555555555555556,0.034722222222222224
546,17,6,4,1,0.03208333333333333,0.032916666666666664
547,20,6,4,5,0.03208333333333333,0.035416666666666666
548,8,3,7,6,0.03166666666666667,0.03013888888888889
549,5,2,3,6,0.03236111111111111,0.03013888888888889
550,20,6,4,4,0.032916666666666664,0.03666666666666667
551,20,6,5,4,0.029722222222222223,0.03666666666666667
552,5,1,4,1,0.035694444444444445,0.03166666666666667
553,8,3,6,1,0.03166666666666667,0.03638888888888889
554,1,1,6,2,0.03208333333333333,0.03375
555,8,3,2,1,0.035416666666666666,0.03375
556,20,6,5,3,0.03208333333333333,0.035416666666666666
557,3,1,6,5,0.030972222222222224,0.03125
558,5,2,6,1,0.029722222222222223,0.03666666666666667
559,6,2,6,4,0.03194444444444444,0.03013888888888889
560,18,6,1,5,0.03263888888888889,0.034861111111111114
561,3,1,7,1,0.03180555555555555,0.03388888888888889
562,10,3,3,1,0.035,0.03180555555555555
563,9,4,5,4,0.03208333333333333,0.03013888888888889
564,3,1,6,3,0.03208333333333333,0.034166666666666665
565,8,2,2,3,0.032916666666666664,0.03125
566,7,2,2,3,0.03263888888888889,0.03388888888888889
567,2,1,4,5,0.03208333333333333,0.03013888888888889
568,4,2,6,5,0.03166666666666667,0.03263888888888889
569,2,1,1,6,0.03236111111111111,0.029583333333333333
570,1,2,2,4,0.03263888888888889,0.03013888888888889
571,13,5,5,3,0.03138888888888889,0.03166666666666667
572,8,3,7,3,0.03208333333333333,0.03180555555555555
573,18,5,6,3,0.034027777777777775,0.03013888888888889
574,12,4,3,5,0.03208333333333333,0.03638888888888889
575,1,1,3,6,0.034722222222222224,0.029583333333333333
576,13,5,4,1,0.035694444444444445,0.03388888888888889
577,6,2,6,1,0.03194444444444444,0.03333333333333333
578,12,4,3,5,0.032916666666666664,0.03013888888888889
579,6,3,3,1,0.035416666666666666,0.03666666666666667
580,12,4,1,5,0.03236111111111111,0.029583333333333333
581,7,3,6,1,0.03208333333333333,0.03013888888888889
582,19,6,7,3,0.03138888888888889,0.030972222222222224
583,15,4,5,5,0.03236111111111111,0.03388888888888889
584,6,3,7,4,0.03138888888888889,0.034166666666666665
585,10,4,4,1,0.035555555555555556,0.03013888888888889
586,12,4,3,3,0.0375,0.032916666666666664
587,14,4,7,1,0.034444444444444444,0.029583333333333333
588,5,2,7,1,0.035555555555555556,0.03013888888888889
589,16,5,2,2,0.03208333333333333,0.03388888888888889
590,15,5,6,6,0.0375,0.034166666666666665
591,11,4,4,4,0.03236111111111111,0.03333333333333333
592,12,4,1,5,0.03319444444444444,0.034166666666666665
593,5,3,1,1,0.03208333333333333,0.03180555555555555
594,8,2,5,5,0.03194444444444444,0.03388888888888889
595,1,1,1,6,0.034722222222222224,0.034166666666666665
596,6,2,3,3,0.035694444444444445,0.03263888888888889
597,16,5,5,4,0.03319444444444444,0.03763888888888889
598,8,4,3,3,0.03138888888888889,0.03666666666666667
599,2,2,7,1,0.034861111111111114,0.029583333333333333
600,6,2,7,6,0.034444444444444444,0.03263888888888889
601,17,6,6,6,0.03194444444444444,0.03638888888888889
602,10,4,1,1,0.03208333333333333,0.029583333333333333
603,2,1,5,6,0.034444444444444444,0.034722222222222224
604,5,2,5,1,0.03208333333333333,0.035555555555555556
605,15,4,1,5,0.03166666666666667,0.03763888888888889
606,19,6,4,5,0.029722222222222223,0.03666666666666667
607,9,4,5,6,0.035694444444444445,0.03763888888888889
608,10,4,2,6,0.034861111111111114,0.03638888888888889
609,3,2,1,3,0.03263888888888889,0.03125
610,2,1,2,1,0.034444444444444444,0.03208333333333333
611,18,6,5,4,0.034444444444444444,0.03375
612,12,5,4,3,0.03763888888888889,0.03763888888888889
613,8,3,3,3,0.03138888888888889,0.03208333333333333
614,18,6,6,6,0.03319444444444444,0.03263888888888889
615,15,4,3,5,0.029722222222222223,0.03333333333333333
616,14,5,1,5,0.03208333333333333,0.03388888888888889
617,9,3,7,6,0.03347222222222222,0.03013888888888889
618,10,3,4,4,0.03166666666666667,0.035416666666666666
619,4,2,4,3,0.034583333333333334,0.032916666666666664
620,17,6,1,6,0.03194444444444444,0.035555555555555556
621,3,1,1,5,0.029722222222222223,0.03763888888888889
622,18,6,5,3,0.03194444444444444,0.03333333333333333
623,2,1,4,3,0.034583333333333334,0.034166666666666665
624,3,1,5,2,0.0375,0.034722222222222224
625,15,6,1,1,0.03166666666666667,0.03208333333333333
626,5,2,1,6,0.03166666666666667,0.03680555555555556
627,6,2,4,1,0.035416666666666666,0.03666666666666667
628,18,6,4,1,0.03166666666666667,0.03180555555555555
629,9,3,5,6,0.03194444444444444,0.029583333333333333
630,10,4,6,3,0.03347222222222222,0.03013888888888889
631,11,4,4,3,0.035,0.03333333333333333
632,10,3,1,4,0.034027777777777775,0.03305555555555555
633,1,1,7,1,0.03763888888888889,0.034861111111111114
634,14,5,2,4,0.03138888888888889,0.032916666666666664
635,2,1,2,4,0.03347222222222222,0.03763888888888889
636,14,4,7,5,0.034861111111111114,0.03666666666666667
637,9,3,1,6,0.03194444444444444,0.03180555555555555
638,11,3,4,4,0.035,0.03388888888888889
639,6,3,7,5,0.03347222222222222,0.03388888888888889
640,14,5,2,4,0.0375,0.03305555555555555
641,20,6,7,3,0.03763888888888889,0.03166666666666667
642,20,6,7,5,0.029722222222222223,0.034027777777777775
643,10,3,5,5,0.03263888888888889,0.03333333333333333
644,7,2,7,3,0.03319444444444444,0.034861111111111114
645,17,4,2,4,0.03208333333333333,0.03013888888888889
646,20,6,3,5,0.03194444444444444,0.03375
647,15,5,7,2,0.03319444444444444,0.03125
648,8,3,1,1,0.035555555555555556,0.03180555555555555
649,3,2,7,6,0.03347222222222222,0.03208333333333333
650,7,2,4,2,0.030972222222222224,0.03333333333333333
651,18,6,7,2,0.034861111111111114,0.03013888888888889
652,18,5,4,5,0.03236111111111111,0.03333333333333333
653,15,5,2,5,0.035555555555555556,0.03375
654,8,1,6,2,0.03166666666666667,0.03013888888888889
655,14,4,4,3,0.03763888888888889,0.03125
656,7,2,1,6,0.03236111111111111,0.03333333333333333
657,7,2,7,6,0.03347222222222222,0.03333333333333333
658,20,6,7,5,0.03208333333333333,0.03333333333333333
659,14,5,7,2,0.03208333333333333,0.03013888888888889
660,3,1,3,4,0.03236111111111111,0.035555555555555556
661,14,4,2,4,0.035555555555555556,0.034722222222222224
662,3,1,3,6,0.030972222222222224,0.035416666666666666
663,8,3,4,3,0.035694444444444445,0.034861111111111114
664,11,4,4,1,0.035555555555555556,0.03166666666666667
665,3,1,5,2,0.03194444444444444,0.029583333333333333
666,18,6,5,5,0.035694444444444445,0.03375
667,8,2,7,1,0.034861111111111114,0.03375
668,20,6,5,5,0.03763888888888889,0.03013888888888889
669,18,6,7,4,0.03347222222222222,0.034166666666666665
670,12,4,6,2,0.029722222222222223,0.034861111111111114
671,11,3,1,3,0.032916666666666664,0.03388888888888889
672,1,1,4,1,0.03138888888888889,0.03125
673,1,1,7,4,0.03166666666666667,0.03333333333333333
674,6,2,4,4,0.03194444444444444,0.03208333333333333
675,11,4,4,2,0.03208333333333333,0.03388888888888889
676,17,6,3,2,0.035555555555555556,0.034027777777777775
677,4,2,1,3,0.034722222222222224,0.03013888888888889
678,7,3,7,6,0.034444444444444444,0.03680555555555556
679,8,3,3,2,0.03208333333333333,0.035416666666666666
680,1,1,3,1,0.03763888888888889,0.034027777777777775
681,15,5,3,4,0.035555555555555556,0.03208333333333333
682,18,6,3,2,0.035416666666666666,0.03680555555555556
683,11,4,1,4,0.035694444444444445,0.03013888888888889
684,19,6,6,6,0.032916666666666664,0.03125
685,19,6,2,1,0.03194444444444444,0.03166666666666667
686,16,5,3,2,0.03166666666666667,0.03333333333333333
687,2,1,1,6,0.03194444444444444,0.03375
688,2,1,6,1,0.03236111111111111,0.030972222222222224
689,9,3,6,3,0.03763888888888889,0.034166666666666665
690,5,2,4,5,0.03236111111111111,0.03333333333333333
691,4,2,7,3,0.03138888888888889,0.03333333333333333
692,16,6,6,1,0.029722222222222223,0.03013888888888889
693,3,2,5,2,0.030972222222222224,0.03013888888888889
694,1,1,1,6,0.029722222222222223,0.034027777777777775
695,10,3,5,5,0.03208333333333333,0.03333333333333333
696,5,2,2,1,0.03263888888888889,0.03375
697,19,6,1,4,0.03208333333333333,0.034722222222222224
698,11,4,2,6,0.034583333333333334,0.03013888888888889
699,2,1,1,1,0.03319444444444444,0.03333333333333333
700,16,5,2,3,0.030972222222222224,0.03333333333333333
701,2,1,2,1,0.03208333333333333,0.03333333333333333
702,1,1,3,4,0.03236111111111111,0.03013888888888889
703,11,3,2,3,0.03347222222222222,0.03388888888888889
704,18,6,5,3,0.032916666666666664,0.03763888888888889
705,10,3,7,1,0.034027777777777775,0.03375
706,13,4,1,4,0.03208333333333333,0.03375
707,3,2,5,2,0.029722222222222223,0.03013888888888889
708,6,2,4,2,0.03138888888888889,0.03680555555555556
709,4,2,3,1,0.03138888888888889,0.03680555555555556
710,6,3,2,1,0.035555555555555556,0.032916666666666664
711,8,3,6,4,0.034722222222222224,0.03375
712,8,4,6,6,0.035555555555555556,0.03166666666666667
713,1,1,1,1,0.035555555555555556,0.034722222222222224
714,8,3,2,1,0.034027777777777775,0.034722222222222224
715,16,6,3,1,0.035,0.03013888888888889
716,4,2,2,1,0.03319444444444444,0.032916666666666664
717,19,6,4,4,0.035694444444444445,0.035555555555555556
718,13,5,5,1,0.03763888888888889,0.03166666666666667
719,2,1,3,1,0.035416666666666666,0.03013888888888889
720,13,5,2,6,0.03194444444444444,0.03375
721,7,2,2,6,0.03263888888888889,0.03166666666666667
722,20,6,4,3,0.03180555555555555,0.03125
723,19,6,2,4,0.034722222222222224,0.034722222222222224
724,10,4,4,3,0.03138888888888889,0.03763888888888889
725,4,2,3,4,0.03208333333333333,0.03263888888888889
726,9,4,6,5,0.035555555555555556,0.03013888888888889
727,2,1,1,6,0.03763888888888889,0.032916666666666664
728,1,1,6,1,0.035694444444444445,0.03263888888888889
729,5,2,4,6,0.03138888888888889,0.03166666666666667
730,8,3,4,3,0.034583333333333334,0.03638888888888889
731,1,1,7,1,0.029722222222222223,0.03166666666666667
732,20,6,1,2,0.03208333333333333,0.035416666666666666
733,10,4,4,5,0.035694444444444445,0.03208333333333333
734,5,1,4,5,0.03763888888888889,0.034027777777777775
735,8,3,5,4,0.034583333333333334,0.03208333333333333
736,14,5,5,4,0.03263888888888889,0.03638888888888889
737,4,2,6,1,0.034027777777777775,0.03763888888888889
738,5,1,6,5,0.03194444444444444,0.03388888888888889
739,4,2,6,6,0.03319444444444444,0.03305555555555555
740,13,4,7,4,0.03263888888888889,0.03375
741,16,6,5,3,0.035416666666666666,0.03208333333333333
742,5,1,3,6,0.03208333333333333,0.03013888888888889
743,3,2,6,2,0.03208333333333333,0.029583333333333333
744,3,2,5,3,0.03236111111111111,0.034027777777777775
745,3,1,2,4,0.03763888888888889,0.034861111111111114
746,3,2,6,1,0.03138888888888889,0.030972222222222224
747,4,1,3,4,0.03138888888888889,0.03263888888888889
748,1,1,2,6,0.03319444444444444,0.03666666666666667
749,20,6,5,3,0.03180555555555555,0.035555555555555556
750,18,6,7,4,0.030972222222222224,0.03388888888888889
751,9,4,4,2,0.035555555555555556,0.03305555555555555
752,13,5,7,4,0.03208333333333333,0.03388888888888889
753,9,2,3,4,0.03166666666666667,0.03263888888888889
754,3,1,6,6,0.030972222222222224,0.034722222222222224
755,13,5,1,2,0.03319444444444444,0.029583333333333333
756,11,3,1,2,0.035,0.034027777777777775
757,3,1,2,6,0.030972222222222224,0.03125
758,19,6,4,4,0.035694444444444445,0.03680555555555556
759,14,5,2,1,0.034861111111111114,0.029583333333333333
760,9,4,6,4,0.032916666666666664,0.03680555555555556
761,1,1,6,6,0.034027777777777775,0.034722222222222224
762,12,4,2,5,0.03347222222222222,0.034722222222222224
763,16,5,2,5,0.03138888888888889,0.030972222222222224
764,8,2,6,2,0.03166666666666667,0.03013888888888889
765,4,2,5,1,0.03236111111111111,0.03166666666666667
766,8,4,2,1,0.0375,0.029583333333333333
767,9,3,7,6,0.034444444444444444,0.035555555555555556
768,19,6,2,3,0.032916666666666664,0.03666666666666667
769,3,1,1,5,0.030972222222222224,0.03208333333333333
770,6,2,2,5,0.03208333333333333,0.03333333333333333
771,12,4,7,4,0.032916666666666664,0.03388888888888889
772,11,3,6,1,0.034861111111111114,0.03333333333333333
773,14,5,2,2,0.030972222222222224,0.03388888888888889
774,19,6,5,3,0.03236111111111111,0.034722222222222224
775,16,5,3,3,0.034583333333333334,0.03180555555555555
776,18,5,6,1,0.03166666666666667,0.03013888888888889
777,9,2,2,6,0.034027777777777775,0.03388888888888889
778,17,6,5,4,0.03347222222222222,0.035416666666666666
779,12,5,2,5,0.034444444444444444,0.03638888888888889
780,10,2,1,5,0.03263888888888889,0.03388888888888889
781,1,1,2,6,0.03763888888888889,0.03013888888888889
782,5,2,2,6,0.035,0.03013888888888889
783,6,2,6,4,0.035555555555555556,0.03263888888888889
784,16,5,3,5,0.03138888888888889,0.035555555555555556
785,9,3,3,2,0.03763888888888889,0.03333333333333333
786,10,3,1,6,0.034027777777777775,0.035416666666666666
787,19,6,7,3,0.029722222222222223,0.03680555555555556
788,7,3,3,1,0.03347222222222222,0.03680555555555556
789,3,1,1,4,0.034722222222222224,0.03208333333333333
790,10,3,3,5,0.034861111111111114,0.03333333333333333
791,19,6,5,4,0.03236111111111111,0.03333333333333333
792,8,3,1,4,0.03236111111111111,0.03013888888888889
793,16,6,6,4,0.03208333333333333,0.030972222222222224
794,10,3,6,3,0.035555555555555556,0.03333333333333333
795,6,2,3,6,0.0375,0.034861111111111114
796,16,5,6,2,0.03347222222222222,0.034722222222222224
797,12,5,1,3,0.035555555555555556,0.035416666666666666
798,16,5,3,4,0.03166666666666667,0.03263888888888889
799,4,2,7,4,0.03347222222222222,0.03013888888888889
800,3,1,7,4,0.035694444444444445,0.03333333333333333
801,19,6,2,6,0.030972222222222224,0.03333333333333333
802,19,6,5,4,0.03236111111111111,0.03208333333333333
803,1,1,2,6,0.035416666666666666,0.03333333333333333
804,13,4,1,6,0.035555555555555556,0.03763888888888889
805,11,4,2,3,0.03208333333333333,0.03333333333333333
806,11,4,5,2,0.035,0.03333333333333333
807,3,1,4,6,0.034861111111111114,0.03305555555555555
808,1,1,2,1,0.03347222222222222,0.03680555555555556
809,18,6,4,2,0.03263888888888889,0.030972222222222224
810,12,5,1,5,0.032916666666666664,0.03013888888888889
811,13,3,3,6,0.03208333333333333,0.03180555555555555
812,16,5,4,3,0.03236111111111111,0.03208333333333333
813,2,1,5,1,0.029722222222222223,0.03125
814,10,3,4,5,0.03208333333333333,0.03180555555555555
815,2,1,2,1,0.035,0.03375
816,3,1,1,6,0.03194444444444444,0.03375
817,18,5,7,2,0.030972222222222224,0.03013888888888889
818,14,4,2,4,0.034444444444444444,0.03013888888888889
819,8,3,2,1,0.030972222222222224,0.034166666666666665
820,11,4,5,1,0.03138888888888889,0.03180555555555555
821,14,5,1,1,0.034722222222222224,0.03013888888888889
822,8,2,2,4,0.03166666666666667,0.03375
823,12,3,4,6,0.03208333333333333,0.03013888888888889
824,18,6,5,3,0.03763888888888889,0.034027777777777775
825,11,3,2,4,0.03166666666666667,0.035555555555555556
826,19,6,6,5,0.032916666666666664,0.03305555555555555
827,4,2,2,6,0.03194444444444444,0.03763888888888889
828,7,2,7,2,0.03208333333333333,0.032916666666666664
829,10,3,7,4,0.03208333333333333,0.03388888888888889
830,17,6,3,2,0.03208333333333333,0.03680555555555556
831,11,4,2,6,0.03194444444444444,0.03333333333333333
832,3,2,6,4,0.03194444444444444,0.03166666666666667
833,5,1,3,5,0.03138888888888889,0.03763888888888889
834,13,5,4,1,0.0375,0.032916666666666664
835,16,5,1,4,0.03319444444444444,0.03375
836,18,6,6,4,0.034583333333333334,0.03263888888888889
837,20,6,1,4,0.03319444444444444,0.03013888888888889
838,3,1,1,1,0.032916666666666664,0.03208333333333333
839,3,1,5,5,0.035,0.03208333333333333
840,2,1,4,1,0.03194444444444444,0.03263888888888889
841,16,5,7,6,0.03319444444444444,0.03388888888888889
842,13,4,3,3,0.03236111111111111,0.03013888888888889
843,7,2,5,2,0.029722222222222223,0.03180555555555555
844,11,4,1,5,0.03138888888888889,0.03638888888888889
845,12,4,1,3,0.034027777777777775,0.03638888888888889
846,20,6,4,3,0.03194444444444444,0.03263888888888889
847,5,1,5,6,0.03208333333333333,0.03388888888888889
848,3,1,4,1,0.034583333333333334,0.03763888888888889
849,6,2,3,1,0.034444444444444444,0.029583333333333333
850,13,4,3,2,0.030972222222222224,0.03180555555555555
851,2,1,2,6,0.03208333333333333,0.03263888888888889
852,15,4,5,5,0.0375,0.032916666666666664
853,20,6,5,6,0.03138888888888889,0.03375
854,20,6,3,6,0.03236111111111111,0.03166666666666667
855,9,4,3,4,0.034444444444444444,0.03263888888888889
856,2,1,5,3,0.030972222222222224,0.03180555555555555
857,2,1,5,2,0.034722222222222224,0.034861111111111114
858,19,6,7,2,0.03138888888888889,0.035416666666666666
859,9,4,5,5,0.030972222222222224,0.034027777777777775
860,13,4,6,5,0.03236111111111111,0.03013888888888889
861,9,3,6,4,0.032916666666666664,0.03333333333333333
862,5,1,1,3,0.034583333333333334,0.034166666666666665
863,8,4,2,1,0.03263888888888889,0.03013888888888889
864,4,2,1,2,0.0375,0.03208333333333333
865,2,1,1,3,0.03236111111111111,0.03013888888888889
866,1,1,6,1,0.03763888888888889,0.03680555555555556
867,12,4,4,3,0.035416666666666666,0.03013888888888889
868,12,4,2,5,0.029722222222222223,0.032916666666666664
869,13,5,1,2,0.029722222222222223,0.029583333333333333
870,3,1,4,6,0.034722222222222224,0.03263888888888889
871,1,1,1,6,0.035694444444444445,0.03013888888888889
872,11,4,3,2,0.03236111111111111,0.03208333333333333
873,12,5,4,3,0.035555555555555556,0.03208333333333333
874,13,5,2,4,0.034583333333333334,0.03263888888888889
875,2,1,4,2,0.03208333333333333,0.03305555555555555
876,12,5,2,5,0.035694444444444445,0.03166666666666667
877,5,2,4,6,0.034583333333333334,0.03333333333333333
878,12,5,4,5,0.0375,0.03388888888888889
879,18,6,6,3,0.03208333333333333,0.03333333333333333
880,14,3,2,6,0.03180555555555555,0.03763888888888889
881,7,2,1,3,0.03138888888888889,0.035555555555555556
882,16,6,1,3,0.03138888888888889,0.03013888888888889
883,5,2,4,2,0.03347222222222222,0.03638888888888889
884,7,3,7,6,0.029722222222222223,0.03208333333333333
885,17,5,3,2,0.03347222222222222,0.030972222222222224
886,19,6,5,5,0.03236111111111111,0.03375
887,1,1,5,1,0.030972222222222224,0.03388888888888889
888,7,3,4,2,0.03236111111111111,0.03388888888888889
889,18,6,3,6,0.03138888888888889,0.03208333333333333
890,8,4,2,2,0.034861111111111114,0.034027777777777775
891,9,3,3,2,0.034722222222222224,0.032916666666666664
892,10,3,4,6,0.03263888888888889,0.035555555555555556
893,3,2,5,5,0.03194444444444444,0.03375
894,14,5,6,3,0.032916666666666664,0.03166666666666667
895,16,5,4,1,0.030972222222222224,0.03208333333333333
896,1,1,1,2,0.03194444444444444,0.03680555555555556
897,8,3,2,6,0.035694444444444445,0.030972222222222224
898,7,3,4,6,0.03319444444444444,0.03333333333333333
899,1,1,5,5,0.03319444444444444,0.034027777777777775
900,1,1,3,1,0.034444444444444444,0.03166666666666667
901,10,3,5,5,0.035555555555555556,0.03333333333333333
902,1,1,4,1,0.03138888888888889,0.03638888888888889
903,11,3,2,6,0.035555555555555556,0.034027777777777775
904,7,2,4,6,0.030972222222222224,0.03638888888888889
905,7,2,3,3,0.03138888888888889,0.03638888888888889
906,3,2,3,1,0.032916666666666664,0.034027777777777775
907,13,4,5,3,0.03347222222222222,0.03208333333333333
908,3,2,7,3,0.034861111111111114,0.03180555555555555
909,3,1,6,4,0.03138888888888889,0.032916666666666664
910,18,6,6,1,0.034861111111111114,0.030972222222222224
911,4,1,1,1,0.029722222222222223,0.03125
912,20,6,6,4,0.03180555555555555,0.03125
913,10,4,5,1,0.034722222222222224,0.034722222222222224
914,2,1,2,3,0.03208333333333333,0.03375
915,9,3,3,1,0.03138888888888889,0.03375
916,11,4,1,5,0.03319444444444444,0.03666666666666667
917,19,6,4,1,0.035694444444444445,0.034861111111111114
918,9,4,4,1,0.03263888888888889,0.03125
919,15,5,6,6,0.03236111111111111,0.03333333333333333
920,17,6,4,4,0.034861111111111114,0.03180555555555555
921,6,2,5,1,0.03208333333333333,0.032916666666666664
922,3,1,1,2,0.03180555555555555,0.034166666666666665
923,4,1,4,3,0.03208333333333333,0.03666666666666667
924,18,6,2,6,0.035,0.03013888888888889
925,14,5,5,3,0.035555555555555556,0.03680555555555556
926,2,2,5,1,0.029722222222222223,0.032916666666666664
927,4,2,6,1,0.034722222222222224,0.029583333333333333
928,10,3,6,2,0.03208333333333333,0.03666666666666667
929,15,5,7,2,0.035,0.03375
930,2,1,3,6,0.0375,0.03208333333333333
931,10,5,7,1,0.034722222222222224,0.03208333333333333
932,13,3,2,1,0.03138888888888889,0.03125
933,16,6,1,3,0.03166666666666667,0.03125
934,3,1,1,6,0.03194444444444444,0.03333333333333333
935,14,5,4,1,0.035,0.03180555555555555
936,20,6,3,3,0.03347222222222222,0.03666666666666667
937,2,1,1,6,0.032916666666666664,0.034722222222222224
938,1,1,7,1,0.03194444444444444,0.03333333333333333
939,2,1,7,6,0.030972222222222224,0.03388888888888889
940,20,6,6,2,0.030972222222222224,0.034722222222222224
941,1,1,6,6,0.03263888888888889,0.03666666666666667
942,15,5,7,5,0.035555555555555556,0.03263888888888889
943,11,5,6,4,0.034444444444444444,0.03125
944,14,5,7,3,0.03208333333333333,0.034861111111111114
945,2,1,1,3,0.035,0.03333333333333333
946,14,5,5,6,0.03263888888888889,0.03180555555555555
947,11,5,2,1,0.034583333333333334,0.03388888888888889
948,8,2,1,6,0.030972222222222224,0.03013888888888889
949,3,2,5,2,0.035416666666666666,0.03666666666666667
950,16,5,1,5,0.03319444444444444,0.03375
951,10,3,4,4,0.03138888888888889,0.03638888888888889
952,2,1,6,4,0.034583333333333334,0.03333333333333333
953,11,3,7,3,0.03319444444444444,0.035416666666666666
954,4,2,2,6,0.034861111111111114,0.03388888888888889
955,15,4,6,6,0.03194444444444444,0.03666666666666667
956,11,3,3,5,0.035,0.03208333333333333
957,9,3,2,4,0.03208333333333333,0.03305555555555555
958,8,4,7,1,0.03194444444444444,0.03125
959,16,6,4,4,0.03138888888888889,0.03013888888888889
960,5,3,7,1,0.03194444444444444,0.030972222222222224
961,19,6,3,4,0.034583333333333334,0.03166666666666667
962,1,1,4,2,0.030972222222222224,0.034722222222222224
963,18,6,5,2,0.034583333333333334,0.03680555555555556
964,16,5,4,1,0.03194444444444444,0.034861111111111114
965,13,4,2,4,0.03208333333333333,0.03388888888888889
966,8,3,3,1,0.03208333333333333,0.03263888888888889
967,9,2,3,5,0.030972222222222224,0.03388888888888889
968,1,1,3,6,0.03208333333333333,0.034166666666666665
969,16,5,2,4,0.03319444444444444,0.03013888888888889
970,6,3,4,4,0.03208333333333333,0.03208333333333333
971,11,3,4,5,0.035694444444444445,0.03333333333333333
972,7,2,6,6,0.0375,0.03125
973,10,4,2,4,0.03208333333333333,0.03013888888888889
974,5,2,7,1,0.03347222222222222,0.03013888888888889
975,15,3,5,2,0.03180555555555555,0.03388888888888889
976,7,3,6,6,0.035555555555555556,0.03013888888888889
977,6,2,5,4,0.030972222222222224,0.03638888888888889
978,18,6,7,6,0.03166666666666667,0.03166666666666667
979,15,5,2,2,0.035555555555555556,0.03388888888888889
980,9,3,4,4,0.03180555555555555,0.03388888888888889
981,8,2,5,3,0.035555555555555556,0.03125
982,12,4,5,1,0.03180555555555555,0.03680555555555556
983,3,1,3,3,0.03319444444444444,0.032916666666666664
984,2,1,1,6,0.03236111111111111,0.029583333333333333
985,17,5,5,2,0.03263888888888889,0.03263888888888889
986,6,2,1,5,0.035416666666666666,0.03680555555555556
987,16,5,2,1,0.03180555555555555,0.03305555555555555
988,8,2,6,6,0.03236111111111111,0.03680555555555556
989,16,5,2,3,0.035416666666666666,0.03763888888888889
990,4,2,3,2,0.029722222222222223,0.03333333333333333
991,18,6,6,4,0.032916666666666664,0.034166666666666665
992,1,1,3,6,0.03263888888888889,0.03013888888888889
993,10,4,6,5,0.029722222222222223,0.03013888888888889
994,5,2,2,2,0.0375,0.03666666666666667
995,16,4,7,5,0.03208333333333333,0.03388888888888889
996,18,5,6,5,0.03194444444444444,0.03208333333333333
997,1,1,7,6,0.029722222222222223,0.03208333333333333
998,7,2,7,4,0.035555555555555556,0.03305555555555555
999,18,6,7,2,0.035555555555555556,0.03125
1000,7,2,3,4,0.035555555555555556,0.03375
