row_id,efficiency_binning_quantile,eff_times_minutes_binning_quantile,scoring_impact_binning_quantile,eff_per_point_binning_quantile,eff_per_min_binning_quantile,scoring_volume_binning_quantile
7941,3,1,1,2,2,2
1163,16,5,5,5,4,5
583,10,4,2,6,3,2
4082,12,4,4,3,3,4
8413,9,4,4,1,2,5
8731,4,2,3,1,3,3
5937,20,6,6,5,6,6
8284,10,4,3,5,1,4
3707,1,1,1,1,1,1
4072,7,4,3,1,1,4
3754,12,5,4,3,2,5
5488,8,3,4,1,3,4
3654,7,2,3,2,4,3
6822,16,5,5,4,5,5
7638,4,2,2,3,3,2
3465,9,3,3,5,4,3
4668,17,6,5,6,4,5
8305,5,2,2,2,2,3
8852,2,2,2,1,1,3
6378,20,6,6,4,6,6
6477,19,6,6,4,4,6
5139,6,3,2,3,2,3
7134,11,3,4,3,5,3
7061,2,1,1,3,4,1
5318,19,6,6,5,6,5
268,17,6,6,1,2,6
7999,2,1,1,6,1,1
6050,4,2,1,6,3,1
94,9,4,3,2,1,5
4491,2,1,1,3,1,1
249,1,1,1,1,1,1
6046,10,3,3,4,6,3
1088,18,6,6,3,4,6
1211,15,6,5,3,1,6
748,1,1,1,4,1,1
701,1,1,1,1,1,1
6788,19,6,6,4,4,6
4192,13,5,5,1,3,5
2871,19,6,6,5,6,5
669,5,2,2,5,4,2
1731,13,5,5,1,1,6
319,18,6,6,4,3,6
1528,12,3,4,4,6,3
677,5,2,2,5,4,2
6206,5,2,1,6,1,1
1929,6,3,2,4,1,3
648,7,2,2,4,5,2
1993,16,5,5,6,6,4
81,3,1,2,1,2,2
767,19,5,6,4,6,5
6322,16,6,5,4,3,5
1643,1,1,1,1,1,1
5793,15,5,5,3,3,5
6825,1,1,1,1,1,1
3002,8,4,2,5,1,3
4447,2,2,1,5,1,1
1878,18,6,6,3,5,6
5594,1,1,1,6,1,1
8768,16,5,5,4,4,5
6190,17,6,6,2,3,6
7516,3,1,1,6,2,1
8408,1,1,1,3,1,1
5949,16,6,5,4,2,6
6518,11,4,4,1,3,5
1045,2,1,1,1,1,2
3781,20,6,6,4,4,6
7245,16,5,5,3,6,5
5759,9,2,4,1,6,3
5289,18,6,5,6,5,5
519,16,5,5,5,5,4
7899,19,6,6,3,5,6
2089,2,1,1,1,2,1
8967,5,2,2,5,2,2
564,4,2,2,2,3,2
7318,3,2,2,2,1,2
1845,7,2,2,6,4,2
1181,2,1,1,1,3,1
1748,11,4,3,5,2,4
5203,7,2,2,5,5,2
2684,5,2,3,1,5,2
1373,12,3,3,6,6,2
3947,11,4,5,1,3,5
2261,8,3,3,2,2,4
625,1,1,1,6,1,1
5852,2,1,1,1,1,1
764,5,1,3,1,6,2
8157,7,2,2,6,5,2
6931,16,5,5,5,6,4
8734,5,3,2,6,1,2
1700,3,2,2,2,1,2
316,8,4,3,4,1,3
7341,1,1,1,1,1,2
1570,19,6,6,5,6,5
7195,20,6,6,3,4,6
6396,13,4,5,3,6,4
4148,15,4,4,6,6,3
1963,2,1,1,6,1,1
6251,15,5,5,4,3,5
624,8,3,3,4,5,2
765,12,3,5,1,6,4
1650,13,3,4,4,6,3
4221,16,5,5,4,4,5
4708,19,6,6,5,5,5
7447,19,6,6,4,5,6
2555,6,2,2,4,5,2
7696,15,5,5,3,3,5
6900,1,1,1,1,1,1
6658,2,1,1,6,3,1
5522,6,3,3,1,2,3
7975,7,2,2,4,4,2
2466,9,4,4,1,1,5
7781,9,3,4,1,3,4
89,10,2,3,5,6,2
1721,7,3,2,6,4,2
6004,7,2,2,6,5,2
6795,9,2,3,3,6,3
621,12,4,4,4,4,4
941,2,1,1,6,3,1
7196,1,1,1,3,1,1
5210,12,3,5,1,6,4
8455,20,6,6,5,5,6
1781,10,4,3,6,3,3
3693,3,1,1,6,2,1
4957,18,6,6,3,5,6
5853,1,1,1,6,1,1
6081,8,2,3,2,6,2
2848,4,2,1,5,4,1
170,10,3,3,5,5,2
4205,3,1,1,5,5,1
2214,5,1,2,5,6,1
3126,18,6,6,5,3,6
4588,10,2,3,6,6,1
587,2,1,1,6,5,1
8565,19,6,6,5,6,5
4152,16,6,4,6,3,4
4681,16,6,6,1,3,6
4765,11,4,4,3,5,4
8933,4,2,2,2,1,3
4609,19,6,6,3,3,6
1058,20,6,6,3,6,6
6454,19,6,5,6,4,5
6063,7,3,3,1,1,4
6627,2,1,1,1,2,1
8160,3,2,2,1,1,3
96,9,3,3,5,4,3
7231,5,1,2,5,6,1
8733,13,5,5,3,3,5
2945,19,6,6,3,5,6
3088,19,6,6,2,5,6
6792,,6,,3,6,6
1618,18,6,6,1,4,6
7721,8,2,2,5,5,2
3699,16,5,6,2,3,6
8557,4,1,2,2,6,1
1077,10,3,3,5,4,3
6021,12,4,4,4,5,4
7026,16,5,5,4,5,5
7907,9,2,3,3,6,2
3086,16,5,5,6,4,4
1091,20,6,6,3,5,6
2725,1,1,1,1,1,2
361,6,2,2,3,6,2
8726,11,4,2,6,2,3
568,3,2,2,1,1,4
1143,16,5,5,4,5,5
1023,8,3,3,3,5,3
448,16,5,5,5,5,5
3835,10,4,3,4,2,4
3442,20,6,6,5,5,6
7499,12,4,3,5,4,3
8373,8,4,4,1,1,5
7658,8,3,2,5,4,2
1923,2,1,1,4,6,1
6934,10,4,2,6,3,2
2860,9,3,3,4,4,3
5941,2,1,1,5,2,1
1722,2,1,1,4,2,1
4326,15,5,4,6,5,4
8232,12,4,4,3,4,4
213,3,1,1,5,4,1
3972,2,2,2,1,1,3
5468,3,2,1,4,1,2
4481,8,3,3,2,4,3
1154,3,2,1,4,1,2
2621,3,1,1,6,2,1
5214,11,3,3,5,6,3
3261,10,4,4,1,3,4
3012,1,1,1,2,1,2
5226,8,4,3,4,1,4
8187,20,6,6,5,5,6
1571,20,6,6,2,5,6
2355,7,2,2,4,6,2
7390,4,2,2,2,2,3
7065,16,5,5,5,5,4
4304,9,4,2,6,2,2
2165,3,2,2,1,2,3
1596,16,6,4,6,2,4
5548,3,2,1,4,2,1
737,6,2,2,6,6,1
4354,2,1,1,6,1,1
6635,10,4,3,5,1,4
3398,11,4,4,2,2,5
7865,2,1,1,6,1,1
6052,2,1,2,1,1,2
4961,16,6,5,3,3,6
8073,1,1,1,1,1,1
4270,10,3,4,3,6,3
8746,10,3,3,5,6,2
8994,16,5,5,4,5,5
5782,4,2,1,5,4,1
3843,9,3,3,5,4,3
6139,5,2,3,1,3,3
2719,3,1,2,3,3,2
1053,12,5,3,6,2,4
5322,13,4,4,4,4,4
3239,15,6,5,3,1,6
3775,6,1,2,6,6,1
3446,3,1,1,6,3,1
8369,15,5,4,5,4,4
512,11,4,4,3,4,4
1447,9,3,2,6,4,2
7660,7,3,3,1,2,4
1323,12,4,4,2,4,4
880,20,6,6,4,4,6
5917,17,5,5,5,5,5
4032,9,4,3,2,2,4
6410,4,2,2,1,2,3
8520,2,1,1,2,2,1
1184,10,5,5,1,1,6
8631,16,5,6,1,4,6
322,10,3,4,3,4,4
2578,12,5,4,4,2,4
2037,5,2,1,6,3,1
1804,2,1,1,6,1,1
8287,3,2,1,4,1,2
2267,17,5,5,4,5,5
3520,1,1,1,6,1,1
4068,10,4,5,1,3,5
4013,8,3,4,1,2,4
1340,6,2,3,2,5,2
7918,14,4,4,5,5,4
4924,17,6,6,3,3,6
8492,3,1,1,2,5,1
3384,10,4,5,1,3,5
7513,9,4,3,3,2,4
240,12,4,3,5,3,4
3406,6,2,2,4,2,2
3460,14,5,5,1,2,6
4100,5,2,2,3,5,2
2437,12,5,5,1,1,6
223,20,6,6,3,5,6
108,13,5,4,4,3,4
4594,4,2,2,3,2,2
8374,8,2,3,2,6,2
2509,5,3,2,6,1,2
2535,13,5,5,3,2,5
7956,11,3,3,5,6,3
5462,14,4,4,5,5,4
132,5,2,2,3,2,2
5867,10,5,4,2,1,5
2485,9,3,3,5,3,3
7200,6,2,2,3,3,2
7274,11,4,4,1,2,5
3101,2,1,1,3,1,2
2729,11,4,4,3,3,4
6817,11,3,4,3,5,3
2664,13,5,5,1,3,5
4517,12,4,5,2,5,4
6490,11,3,4,2,6,4
734,3,1,1,6,4,1
6066,3,1,1,6,5,1
2639,18,6,5,5,4,5
2861,10,4,5,1,2,5
6968,11,5,4,2,2,5
1729,5,2,2,1,2,3
5939,9,4,4,1,2,5
6365,3,2,1,4,2,2
8086,16,5,5,3,4,5
3004,4,2,2,1,3,2
5791,4,2,2,3,2,2
3783,10,4,4,1,2,5
5193,7,2,2,6,6,1
7324,16,5,5,4,5,5
7446,17,5,6,3,5,6
8621,12,5,4,5,2,4
3568,3,1,1,2,1,2
4329,18,5,5,5,6,4
8072,10,4,4,3,2,4
6471,6,3,2,4,1,3
790,16,6,5,4,2,5
510,10,3,4,1,5,4
4940,9,3,4,1,3,4
3461,15,5,5,5,4,4
2413,20,6,6,4,4,6
4831,11,5,4,2,2,5
1958,8,3,4,1,3,4
6415,13,4,5,1,3,5
6551,18,6,6,3,3,6
2971,12,4,3,5,5,3
6162,11,4,4,3,2,4
5639,20,6,6,3,5,6
4238,12,4,4,3,4,4
1019,8,4,4,1,1,5
8304,3,1,1,6,4,1
1150,2,1,1,6,2,1
2692,20,6,6,3,6,6
8357,12,5,4,3,2,5
4595,20,6,6,4,4,6
1047,19,6,6,5,5,6
1617,20,6,6,5,6,5
3001,3,1,1,6,5,1
2322,6,2,2,3,3,2
8764,5,3,2,3,1,3
1484,1,1,1,6,2,1
8663,8,3,4,1,4,3
4672,1,1,1,6,1,1
2192,11,3,3,5,5,3
7557,11,4,4,4,2,4
3079,20,6,6,5,6,6
5552,3,1,1,5,3,1
6249,4,1,2,4,5,1
3862,17,6,6,1,4,6
1072,14,5,4,4,3,5
2665,10,2,3,5,6,2
6492,3,2,2,1,2,2
5518,12,4,5,2,3,5
7615,20,6,6,4,5,6
2390,17,4,5,4,6,4
5953,2,2,1,3,1,2
8538,1,1,1,1,1,1
5200,17,5,6,2,5,6
6424,14,4,5,2,6,4
8908,8,2,4,1,5,3
4683,10,3,3,6,5,2
5051,13,4,5,1,5,5
7229,19,6,6,1,4,6
2277,9,4,4,1,1,5
5957,14,5,5,2,3,5
7374,6,3,2,5,1,3
1766,19,6,6,5,6,5
7958,5,1,2,2,5,2
3127,3,2,2,1,1,4
2035,19,5,6,2,6,6
5380,17,6,6,4,3,6
6623,11,4,4,2,4,4
3893,6,3,2,3,2,3
4367,4,2,2,1,3,2
1127,20,6,6,4,5,6
8585,18,6,6,3,3,6
4218,8,2,3,2,6,2
1384,11,3,3,6,6,2
331,5,3,2,1,1,3
8596,18,6,6,2,5,6
6250,2,1,1,4,1,1
1374,18,6,5,5,3,6
2252,3,1,2,1,1,2
2707,14,5,4,6,3,4
1003,16,6,5,3,4,6
6787,15,5,5,5,4,4
2522,15,5,5,3,5,5
5098,11,4,4,4,2,4
4382,17,6,6,1,4,6
107,13,5,5,2,3,5
7824,11,5,4,3,1,5
4394,19,6,6,2,3,6
4105,18,6,6,2,3,6
8968,6,2,3,1,5,2
15,20,6,6,2,4,6
7261,16,5,5,3,5,5
4624,11,4,3,6,4,3
287,18,6,6,2,5,6
5905,11,4,4,4,2,4
6647,11,4,4,2,3,4
1741,12,5,5,1,2,5
4933,10,2,3,5,6,2
4008,19,6,6,5,4,6
4968,11,2,4,4,6,2
8680,1,1,1,6,3,1
8059,11,5,4,2,1,5
8916,17,6,5,4,3,6
6180,17,5,5,6,6,4
4848,4,1,2,4,5,1
1733,15,6,5,2,1,6
1146,1,1,1,6,1,1
3132,16,5,5,3,4,5
1740,9,4,2,6,2,2
6312,11,4,4,3,3,4
6992,10,3,4,3,6,3
1196,5,2,2,1,5,2
3519,2,1,1,1,4,1
1607,17,6,6,4,4,6
1176,13,4,4,4,4,4
2400,3,2,2,3,2,2
7492,1,1,1,2,1,1
8891,7,3,2,6,2,2
8783,1,1,1,2,1,1
1394,11,4,4,4,4,4
8905,5,2,1,6,2,1
6054,10,4,4,3,2,4
2961,18,6,6,5,3,6
5707,14,4,5,3,5,4
7493,16,5,5,3,3,6
4903,6,3,2,5,1,2
5319,2,1,1,1,3,1
1316,11,4,4,2,3,4
7109,16,5,5,5,5,5
2819,14,5,4,6,3,4
1598,12,4,5,1,4,5
7540,3,3,2,1,1,3
4197,10,4,3,5,3,3
5398,11,5,4,2,1,5
7421,10,4,4,3,3,4
1453,17,4,6,2,6,5
5365,12,4,4,5,5,3
7780,19,6,6,2,5,6
593,16,6,6,1,2,6
2143,6,2,2,4,6,2
2826,12,4,4,3,3,4
5314,14,5,5,3,2,5
6379,1,1,1,1,1,1
6854,17,5,5,4,6,5
4975,5,2,2,5,2,2
555,13,4,5,3,6,4
1889,3,1,1,2,2,2
8720,16,5,5,6,4,4
7505,18,6,6,1,4,6
7077,6,3,1,6,2,2
6264,2,1,1,4,1,1
4424,14,5,5,1,3,5
2699,18,6,6,2,4,6
7573,1,1,1,6,1,1
7168,3,1,1,6,6,1
5841,3,2,2,1,1,3
2289,2,1,1,1,1,1
7665,4,1,2,4,5,1
5630,13,5,5,2,3,5
4185,18,5,6,3,6,5
2250,16,5,6,1,5,6
4764,13,3,3,6,6,2
8256,13,4,4,4,5,4
1415,16,4,5,4,6,4
1296,10,2,3,6,6,1
5357,14,4,4,4,6,4
6469,20,6,6,4,5,6
1011,11,4,4,2,5,4
4709,5,1,1,6,6,1
2184,2,1,1,5,1,1
2523,17,5,6,4,5,5
222,4,2,1,5,1,2
5925,19,6,6,3,3,6
909,12,3,5,1,6,4
5631,19,6,6,3,4,6
6430,5,3,2,3,1,3
4790,10,3,3,4,5,3
8784,4,2,2,3,4,2
1836,8,4,2,5,1,3
3154,9,3,3,6,4,2
4652,6,3,3,1,1,4
1401,13,3,4,6,6,3
1935,5,2,3,1,3,3
2589,4,1,2,4,5,1
7332,1,1,1,2,2,1
654,3,1,2,1,4,1
4660,10,4,4,1,1,5
120,8,3,3,3,4,3
6128,16,5,6,2,6,5
1480,10,3,4,3,6,3
2577,13,5,4,4,3,4
1559,3,2,1,6,2,1
8334,7,2,2,4,4,2
1124,19,6,6,2,3,6
4657,18,6,6,3,5,6
7894,17,6,6,3,4,6
8321,2,1,2,1,1,3
7387,16,5,5,5,3,5
4631,7,3,3,1,2,4
7117,9,3,3,3,4,3
5750,11,3,4,2,6,3
6215,8,3,2,6,4,2
8742,4,1,2,4,5,1
4310,15,5,5,4,2,5
77,5,2,1,6,4,1
3092,9,3,4,1,5,3
5390,11,4,4,3,2,4
966,12,4,5,2,4,5
3459,10,3,3,4,5,3
3785,15,5,5,4,3,5
731,16,5,5,5,4,5
1996,13,5,4,5,3,4
5091,14,5,3,6,2,4
1660,15,5,5,2,4,5
3317,10,3,4,1,6,3
3681,9,3,3,3,6,3
7381,5,3,2,3,1,3
4828,1,1,1,6,4,1
7636,18,6,6,2,4,6
5698,18,6,6,3,6,6
2901,2,2,1,2,1,2
7704,9,3,3,4,5,3
2778,7,3,2,6,2,2
5198,11,4,4,3,2,4
7879,1,1,1,2,1,1
4835,10,4,4,3,3,4
7987,17,6,6,1,2,6
6409,9,3,4,1,4,4
6067,18,6,6,3,3,6
6988,14,4,5,3,5,4
2499,12,5,4,2,2,5
1370,1,1,1,6,1,1
6340,2,1,1,1,2,1
3128,18,6,5,5,4,5
2389,2,1,1,6,1,1
3773,2,1,1,4,5,1
2887,11,3,4,2,6,3
305,9,3,4,1,5,4
5582,8,3,2,5,2,3
6300,15,5,4,5,4,4
6339,20,6,6,6,5,6
4575,5,2,2,2,4,2
8976,12,4,5,1,4,5
1427,16,4,6,2,6,5
4421,7,3,3,1,3,3
8489,16,5,6,1,6,5
5899,2,1,1,6,3,1
5439,15,5,5,2,2,6
3848,3,1,1,2,2,2
5509,13,2,5,3,6,2
2454,11,4,4,4,4,3
7689,20,6,6,1,3,6
4299,16,5,5,6,5,4
6760,16,5,5,3,5,5
3167,10,3,5,1,4,4
4291,6,3,2,5,2,2
1085,3,1,1,6,3,1
7448,8,3,3,4,4,3
5213,7,4,3,1,1,5
1594,8,2,2,5,6,2
5726,5,3,2,5,1,2
5502,15,6,5,3,1,6
7452,12,2,3,6,6,1
1609,15,5,4,6,5,4
4419,1,1,1,6,1,1
8219,12,4,4,2,3,5
8902,20,6,6,2,4,6
2859,8,3,3,2,2,4
4332,13,4,5,3,4,4
5736,14,5,5,1,4,5
7407,2,1,1,5,2,1
3143,6,3,3,1,2,4
3969,5,1,1,6,6,1
2517,7,3,3,1,2,4
5148,14,4,5,3,5,5
7743,10,3,3,5,6,2
38,9,3,3,2,5,3
7124,6,3,2,5,1,3
8488,18,5,5,6,6,4
20,15,5,4,5,4,4
3296,5,2,2,3,5,2
3690,1,1,1,3,1,1
7858,4,2,2,2,3,2
4345,11,3,3,5,6,3
6394,5,2,2,2,4,2
6769,4,2,1,6,2,1
539,7,2,2,4,4,2
5338,1,1,1,1,1,1
6684,12,4,4,4,3,4
8714,3,2,1,6,2,1
5345,20,6,6,4,6,6
3933,14,5,4,5,3,5
4818,10,3,3,5,5,3
3880,3,1,1,4,4,1
6177,20,6,6,6,5,6
6082,1,1,1,1,1,1
347,5,2,2,3,3,2
7416,6,2,3,2,6,2
2944,20,6,6,4,6,6
2496,20,6,6,2,5,6
1288,7,2,2,4,6,2
5647,1,1,1,1,1,1
7465,19,6,6,2,3,6
8206,20,6,6,4,6,6
7295,18,6,6,5,5,5
7406,13,5,5,1,3,5
1852,2,1,1,4,1,1
7776,6,2,3,2,3,3
7287,3,1,1,6,6,1
4142,14,5,4,5,4,4
8190,9,3,3,2,3,4
6845,2,1,1,1,4,1
7320,19,6,6,3,4,6
5530,2,1,1,6,3,1
744,9,4,5,1,1,5
7705,20,6,6,3,6,6
5401,5,2,2,6,2,2
7742,16,5,5,5,3,5
1503,20,6,6,4,6,6
7986,15,4,5,3,6,4
3458,7,3,3,3,3,3
2178,1,1,1,1,1,1
6051,8,4,3,2,1,4
5506,5,2,2,3,3,2
3394,3,2,2,3,2,2
5221,20,6,6,5,6,6
8042,17,5,6,3,5,6
334,2,1,1,1,2,1
5442,14,4,5,1,5,5
6392,4,2,2,1,1,3
2226,9,3,3,3,5,3
8462,1,1,1,1,1,1
3449,5,2,3,1,4,3
3590,8,2,3,3,5,2
6750,1,1,1,1,1,1
1157,12,4,3,5,5,3
5097,6,4,2,4,1,4
1898,8,2,3,4,5,2
1057,11,3,4,2,6,4
3099,10,5,4,3,1,5
3885,6,3,1,6,1,2
6576,2,1,1,6,6,1
5558,11,5,5,1,1,6
7849,7,3,3,1,2,4
2717,8,4,3,3,1,4
933,7,3,2,4,2,3
7368,4,3,2,1,1,3
6267,1,1,1,1,1,1
24,17,6,5,5,3,6
5701,8,2,2,6,6,1
8949,15,5,5,2,3,6
2125,8,4,2,5,1,3
4862,5,1,2,3,6,2
2133,18,6,6,4,4,6
4324,20,6,6,3,5,6
5267,1,1,1,6,1,1
4337,16,5,5,3,4,5
4829,6,3,2,4,2,3
6674,16,5,5,5,5,4
6227,4,1,2,1,5,2
4662,6,3,2,4,1,3
3482,9,2,3,2,6,3
4506,9,4,2,6,1,3
6624,1,1,1,2,3,1
1916,13,5,5,1,1,6
7186,17,6,5,6,4,4
7991,18,6,6,4,3,6
1473,2,1,1,5,1,1
4865,9,4,4,1,1,4
2677,8,3,3,2,2,4
1746,5,3,1,6,1,2
497,7,2,2,6,4,2
1069,13,5,5,1,2,6
6390,16,6,6,3,3,6
5870,12,3,4,3,6,3
7602,18,6,6,1,4,6
34,16,6,4,6,3,5
5134,18,6,6,1,4,6
51,10,2,3,4,6,2
1632,13,5,5,1,3,5
8476,20,6,6,3,6,6
7072,16,5,5,4,4,5
5311,10,3,3,5,6,2
6664,4,2,2,3,4,2
501,2,2,1,3,1,2
8250,9,3,4,1,3,4
5022,15,5,5,2,4,5
2484,6,1,2,6,6,1
7625,3,1,2,1,3,2
4976,16,6,5,5,2,5
3264,2,1,1,1,2,2
5222,2,1,1,4,6,1
2817,11,4,4,4,4,3
6148,11,3,4,3,6,3
2727,13,5,4,4,3,4
2992,14,5,5,3,2,5
709,10,4,5,1,3,5
246,6,2,3,2,3,3
150,3,1,1,4,3,1
2359,6,4,3,1,1,5
186,20,6,6,3,5,6
8723,10,2,3,6,6,1
4741,7,2,2,6,6,1
5956,5,3,3,1,1,4
8750,11,3,3,6,5,3
8730,15,4,5,4,6,4
3593,14,5,4,5,3,5
5229,19,6,6,2,4,6
4669,1,1,1,1,1,1
6682,19,6,6,3,3,6
8897,4,3,3,1,1,4
3146,10,3,3,5,4,3
1673,8,3,2,6,3,2
4751,1,1,1,1,1,1
6248,20,6,6,5,6,6
551,14,4,5,3,6,4
8331,16,6,5,4,3,5
1920,11,4,5,1,3,5
18,6,2,3,1,3,3
6049,2,1,1,2,1,2
2875,19,6,6,2,4,6
3483,20,6,6,4,6,6
7821,8,4,4,1,1,5
5077,3,1,2,1,5,2
5385,16,5,5,6,5,4
2167,8,3,3,2,2,4
2058,2,1,1,1,2,1
4634,11,3,4,3,5,3
4503,17,6,6,2,4,6
3581,11,4,3,5,4,3
4114,8,2,3,2,6,2
4195,15,5,5,5,3,5
2877,3,2,1,4,1,2
4048,6,2,1,6,5,1
4348,17,6,5,4,3,6
1489,16,6,6,1,2,6
4088,11,2,4,3,6,2
169,6,3,2,5,1,3
4820,6,3,2,4,2,2
5712,3,2,2,3,2,2
8574,16,5,6,1,3,6
6816,7,2,2,6,6,1
2247,6,2,2,5,5,2
6758,12,3,4,3,6,3
6727,18,6,5,5,3,6
762,8,3,3,4,2,3
5831,12,5,4,2,2,5
2482,2,1,1,3,2,1
2958,17,6,6,3,3,6
719,16,5,5,3,4,5
1784,20,6,6,3,5,6
6652,17,5,5,4,5,5
488,1,1,1,2,1,1
6475,12,5,5,2,2,5
995,16,5,5,5,5,5
1430,12,4,4,5,3,4
3061,15,5,6,1,4,6
1079,10,3,4,1,6,3
3498,2,1,1,5,1,1
2516,11,3,4,4,6,3
1794,20,6,6,4,6,6
6329,13,5,5,1,2,5
5010,16,6,5,2,2,6
7873,3,1,1,2,4,1
2953,5,2,2,3,5,2
2698,13,5,4,4,1,5
2228,2,1,1,6,2,1
8404,11,4,4,1,2,5
2215,10,4,4,1,1,5
5591,13,5,5,2,3,5
5251,2,1,1,2,1,1
8999,2,1,1,6,1,1
354,3,1,1,4,5,1
2710,20,6,6,2,4,6
6330,6,2,2,6,5,1
7164,1,1,1,6,1,1
5655,6,1,2,6,6,1
1776,9,3,3,5,5,2
6970,19,5,6,5,6,4
6444,3,2,2,2,2,2
1422,5,2,2,3,1,3
8627,2,1,1,4,1,1
2674,15,4,4,5,5,4
829,9,3,3,4,4,3
8787,16,5,6,1,3,6
5406,19,6,6,5,6,5
1881,9,4,4,1,1,5
8057,20,6,6,5,4,6
454,20,6,6,3,6,6
3039,11,4,4,3,2,4
7503,8,3,3,3,3,3
1227,14,5,5,2,4,5
2376,2,1,1,4,1,1
683,2,1,1,1,1,2
8865,1,1,1,1,3,1
7872,3,2,1,6,2,1
6207,19,6,6,4,6,6
5045,5,2,2,5,3,2
1560,1,1,1,1,3,1
4717,14,5,5,2,3,5
8635,11,3,4,4,6,3
7007,8,3,3,3,4,3
6651,16,6,5,5,3,5
2216,14,5,4,6,4,4
2987,18,6,6,4,4,5
2803,5,2,2,3,3,2
1418,16,5,6,2,5,5
4526,2,1,1,2,4,1
5932,5,2,2,6,3,2
4393,11,2,4,3,6,2
7367,17,5,6,2,5,6
3661,2,1,1,1,1,2
7262,11,5,4,2,2,5
6780,5,2,2,5,1,2
2651,10,3,3,5,5,2
5984,10,4,3,5,2,3
7035,8,3,2,5,2,3
1624,10,5,4,1,1,5
1544,16,5,5,5,4,5
430,6,2,3,2,4,3
3938,18,6,6,4,5,6
4716,9,3,3,5,3,3
8739,1,1,1,6,1,1
7947,17,6,6,4,4,5
5455,19,6,6,4,5,6
5467,19,6,6,2,4,6
1579,15,5,5,5,2,5
4598,13,4,5,2,5,5
857,12,5,3,5,2,4
1039,5,1,2,1,6,2
4162,2,1,1,1,1,1
5280,19,6,6,2,3,6
7481,12,4,4,2,3,5
638,9,2,3,6,6,1
1863,10,4,3,4,3,4
7693,10,3,4,1,4,4
234,12,4,4,5,3,4
1615,4,2,2,3,3,2
2116,7,2,2,5,6,1
1128,11,4,4,3,3,4
2652,12,4,4,5,3,4
6696,8,2,3,2,6,2
5931,19,6,6,2,4,6
8903,7,3,1,6,3,1
7759,3,1,1,4,4,1
1719,7,3,3,3,3,3
2983,19,6,6,4,4,6
4203,2,1,1,3,4,1
5441,12,4,4,2,3,5
7833,6,3,2,5,1,3
7083,18,6,6,3,3,6
7804,1,1,1,1,1,1
8286,10,3,3,5,4,3
4302,9,4,4,1,1,5
1314,6,2,1,6,3,1
7732,9,3,3,6,5,2
7041,18,6,5,5,4,6
3306,12,4,4,4,3,4
102,16,5,5,4,5,5
320,10,4,4,2,3,4
6349,20,6,6,4,5,6
626,18,6,6,1,3,6
8931,10,3,4,3,5,3
8872,17,6,5,6,4,5
5410,11,4,4,2,2,5
1517,14,5,3,6,3,4
8002,10,4,3,5,2,4
4909,5,2,1,6,5,1
1562,19,6,6,4,4,6
1742,1,1,1,4,1,1
2927,20,6,6,6,5,6
335,15,5,5,2,4,5
2612,1,1,1,1,1,2
6438,8,2,2,6,6,1
1513,20,6,6,3,6,6
3609,15,4,4,6,6,3
2007,7,2,2,6,5,1
462,7,2,2,4,5,2
4225,12,4,4,5,3,4
3940,7,4,3,1,1,5
3140,9,3,3,4,5,3
3081,16,5,5,3,3,5
9,20,6,6,4,5,6
7856,16,5,5,4,3,5
100,3,2,2,3,2,2
1514,6,2,2,5,5,2
4217,9,3,3,3,3,4
6183,8,4,3,2,2,4
8947,20,6,6,5,4,6
8233,10,3,3,5,5,3
6797,3,2,1,6,2,1
1841,6,3,2,6,2,2
2129,15,5,4,5,5,4
32,14,4,5,3,5,4
4845,11,4,4,2,2,5
1510,18,6,6,4,5,6
6856,6,3,2,3,2,3
2895,13,5,4,6,3,4
867,14,5,3,6,3,3
7138,14,5,4,5,3,5
759,7,3,3,3,3,3
8655,10,3,4,3,6,3
6910,2,1,1,1,4,1
541,6,3,3,1,1,4
1329,16,4,5,5,6,4
3246,18,6,6,2,3,6
8486,3,2,2,1,2,3
7930,7,3,3,2,3,3
7876,13,4,5,3,4,4
5435,16,5,6,2,4,6
3480,15,5,4,6,3,4
7836,3,1,1,2,3,1
7212,20,6,6,2,5,6
8291,1,1,1,1,1,1
4636,1,1,1,2,1,1
2834,13,5,4,4,1,5
8990,4,2,2,3,1,2
3051,3,1,1,4,4,1
6487,16,5,6,1,4,6
4507,16,5,5,5,4,5
1771,20,6,6,3,5,6
1689,7,4,2,4,1,4
5973,16,5,5,3,5,5
2311,8,3,3,2,3,3
7235,6,1,2,5,6,1
1198,13,4,4,4,6,4
4830,17,6,5,4,4,5
2378,6,2,2,3,6,2
6991,17,5,5,4,5,5
2518,1,1,1,1,1,1
3640,12,4,4,3,5,4
8431,5,3,2,5,1,3
2317,9,2,4,1,6,3
602,20,6,6,3,6,6
1189,14,5,4,5,4,4
6701,3,2,2,3,2,2
5337,1,1,1,6,1,1
7471,3,1,2,1,3,2
3704,8,2,2,6,5,2
812,16,6,4,6,2,5
3963,3,2,1,6,1,1
4075,14,4,4,4,6,4
3347,13,3,3,6,6,2
1148,14,5,5,3,3,5
7723,11,4,4,2,3,4
5510,6,2,2,3,4,2
6946,4,1,2,4,5,1
5445,14,5,5,2,3,5
4997,1,1,1,2,2,1
466,20,6,6,4,4,6
5708,1,1,1,6,1,1
5287,13,5,4,4,3,4
292,3,1,2,2,5,1
2997,20,6,6,5,6,5
961,8,2,3,2,6,2
7304,9,3,4,1,3,4
2363,9,3,3,3,5,3
3095,16,6,6,1,2,6
9000,4,1,1,5,6,1
6200,18,5,5,6,5,4
8139,9,3,3,4,4,3
6290,15,5,4,6,2,4
1254,4,1,2,2,6,1
1407,9,3,3,5,3,3
6751,11,4,4,2,3,4
8545,7,3,2,4,3,3
3778,16,6,5,3,2,6
595,6,2,3,2,3,3
3054,7,2,3,3,4,3
7157,18,6,6,5,4,6
4380,11,5,5,1,1,6
3796,16,5,5,4,4,5
8909,2,1,1,4,1,1
5324,13,3,4,4,6,3
8031,13,5,4,5,2,4
7237,17,5,5,6,5,5
7349,7,3,3,2,1,4
2583,15,5,5,5,4,4
7587,11,3,4,4,6,3
1331,8,2,2,5,5,2
3951,1,1,1,1,1,1
2575,14,5,5,3,2,6
6382,12,5,4,2,1,5
1056,11,4,4,2,4,4
3523,2,1,1,6,5,1
2150,4,2,2,4,3,2
5634,16,4,4,6,6,3
2868,17,6,6,4,3,6
928,16,4,5,2,6,5
7156,6,3,3,1,2,3
7458,11,4,4,1,3,5
8889,12,4,4,3,5,4
8458,16,5,5,5,4,5
5740,8,3,3,2,3,4
7486,18,6,6,2,5,6
7617,8,2,3,4,6,2
7045,18,5,6,5,6,5
5577,14,5,4,5,3,4
5466,8,3,2,6,2,2
7114,10,4,4,1,2,5
4750,7,3,2,6,2,2
2292,17,5,6,2,4,6
7772,19,6,6,4,5,6
4711,20,6,6,4,5,6
6441,11,4,5,1,3,5
3957,19,6,6,6,5,5
2570,16,6,5,5,1,6
1375,3,2,1,6,1,1
7996,3,2,1,4,1,2
7788,7,3,3,1,2,4
6059,15,5,5,2,5,5
2524,8,4,3,3,1,4
8576,14,5,4,6,4,4
6638,3,1,1,2,6,1
1747,14,5,5,1,3,6
4906,10,4,4,3,1,5
5769,18,6,5,5,5,5
4919,2,1,1,1,1,2
6465,13,5,4,5,2,4
5824,5,3,2,3,1,3
8460,10,4,2,6,3,3
5866,16,5,6,2,5,5
2679,3,2,1,6,1,2
8363,15,5,6,1,4,6
8146,17,5,6,4,5,5
3072,3,1,1,2,3,2
1551,18,6,6,4,4,6
6437,18,5,6,2,5,6
2996,12,5,4,2,2,5
2274,9,4,3,2,1,5
4190,11,5,4,2,2,5
1200,20,6,6,4,5,6
4706,1,1,1,2,1,1
7733,15,4,5,3,6,4
484,4,2,2,1,1,3
8881,18,6,6,5,5,5
8729,15,4,5,2,6,4
1795,4,2,2,1,1,3
458,20,6,6,3,5,6
5572,11,3,4,4,6,3
1035,10,4,4,3,1,5
4428,6,2,2,3,6,2
5913,11,4,4,4,3,4
922,1,1,1,4,1,1
8556,2,1,1,5,1,1
4031,15,4,6,1,6,5
6395,9,2,4,1,6,2
3716,3,2,2,1,1,2
4620,4,2,3,1,4,3
8751,13,5,4,5,3,4
8986,16,5,5,2,4,5
5574,16,5,6,1,4,6
749,13,4,4,4,6,3
3711,18,6,5,5,3,6
6986,6,3,2,4,2,2
3419,10,4,4,3,3,4
1727,1,1,1,6,1,1
6951,3,1,1,2,2,2
4333,2,1,1,6,4,1
4166,4,1,1,6,4,1
8925,19,6,6,5,5,6
2374,2,1,1,6,4,1
8816,1,1,1,4,1,1
2889,6,2,3,1,4,3
5858,3,1,1,4,5,1
2255,9,4,4,1,1,5
3078,18,6,6,2,2,6
1264,5,2,1,6,2,1
3571,9,4,3,2,2,4
2493,7,1,3,2,6,2
665,12,4,3,6,4,3
6694,17,6,6,1,3,6
842,5,1,3,1,6,3
5247,12,4,5,2,3,5
5553,8,2,3,2,6,2
834,5,2,2,2,4,2
2111,6,2,2,5,5,2
873,1,1,1,1,1,2
7701,4,2,1,5,3,1
7656,19,6,6,4,6,6
5818,13,4,4,4,6,4
5720,14,5,4,5,2,5
5012,13,5,4,5,3,4
2940,3,1,2,1,4,2
5215,6,2,3,1,3,3
3071,7,2,2,6,5,1
1616,19,6,6,2,4,6
6867,20,6,6,6,6,6
6912,11,4,4,1,2,5
5004,15,5,5,2,3,5
3626,12,4,4,4,3,4
3533,1,1,1,6,1,1
412,3,1,1,6,1,1
8899,17,6,5,4,3,6
3906,1,1,1,3,1,1
3899,14,5,5,3,3,5
7753,11,3,3,6,6,2
4962,8,2,2,6,6,1
6196,12,4,4,3,2,5
605,19,6,6,4,5,6
31,17,5,5,4,5,5
264,12,5,4,2,2,5
1431,19,6,6,3,5,6
248,1,1,1,3,5,1
853,14,5,5,3,2,5
1651,16,5,4,6,6,3
4289,16,6,5,4,3,5
200,8,3,3,4,3,3
533,13,5,5,2,1,6
5273,4,2,2,3,2,2
5653,6,3,3,1,1,4
4901,13,5,5,2,3,5
5120,19,6,6,3,3,6
456,12,4,4,4,4,4
5242,11,4,4,3,4,4
7520,5,2,2,3,3,2
8272,20,6,6,5,5,6
7136,2,1,1,3,2,1
3543,3,2,2,1,1,3
4641,14,5,5,2,3,5
8164,6,2,2,4,5,2
6593,12,5,3,6,2,4
8775,4,2,2,4,1,2
7641,16,5,6,2,5,5
4884,4,2,1,6,2,1
4468,4,2,2,4,2,2
3439,7,3,3,3,2,3
5264,14,5,5,3,2,5
7180,3,1,1,6,4,1
6027,6,2,3,1,4,3
8282,1,1,1,6,1,1
5711,6,3,3,2,1,4
5050,10,3,3,4,5,3
218,6,2,3,2,2,3
1006,4,2,2,3,1,2
4004,14,5,5,3,2,5
3152,8,3,3,2,5,3
2549,18,6,6,3,4,6
7146,18,5,6,1,6,6
3280,7,3,3,3,4,3
1671,6,2,3,1,5,2
8561,15,5,4,6,3,4
2866,13,5,4,5,2,4
676,2,1,1,6,2,1
4295,3,1,1,6,5,1
6688,18,6,6,2,4,6
4305,13,4,4,5,6,3
230,5,1,2,3,6,1
7934,13,5,4,4,3,4
4085,8,2,2,5,5,2
2003,9,4,3,2,1,4
7692,20,6,6,2,5,6
6826,1,1,1,3,2,1
4202,13,5,5,1,3,5
6898,5,2,2,5,4,2
5036,5,2,2,3,3,2
5965,10,3,4,3,4,4
3019,3,2,1,6,2,1
8826,1,1,1,1,1,1
7336,9,3,3,4,4,3
5732,5,1,1,6,5,1
8960,16,5,5,6,5,4
2642,3,2,1,6,1,1
1702,7,3,2,4,1,3
6371,16,5,6,2,4,6
6717,3,1,1,2,6,1
8222,7,3,3,1,3,3
338,2,1,1,6,1,1
3935,16,5,5,3,6,5
4542,18,6,6,3,4,6
6745,13,4,5,2,3,5
2088,9,2,3,5,6,2
5835,11,3,3,6,6,2
2112,2,1,1,4,1,1
6755,16,6,5,3,1,6
4104,2,1,1,3,1,1
97,15,4,5,2,6,5
5602,3,1,2,1,2,2
3166,11,4,4,2,4,4
4376,8,3,3,3,4,3
2596,9,3,3,3,5,3
6783,4,1,1,6,5,1
6211,16,5,6,3,5,5
8941,3,1,1,6,4,1
8278,19,6,6,3,5,6
2222,16,5,5,4,5,5
1018,17,5,5,6,5,4
8348,3,2,2,1,1,3
3995,3,2,2,1,1,3
3978,13,4,3,6,6,2
351,2,1,1,2,1,1
6062,10,3,3,5,5,3
6575,15,4,4,5,6,4
2763,8,3,3,2,4,3
3499,1,1,1,2,1,1
8846,20,6,6,2,5,6
5465,1,1,1,,1,1
4160,16,6,6,1,3,6
8702,16,5,5,5,4,4
4508,10,4,3,5,3,3
4656,20,6,6,5,4,6
3123,6,2,2,5,5,2
6510,9,4,3,6,2,3
5211,8,4,4,1,1,5
743,18,6,6,3,3,6
181,14,4,4,4,5,4
1116,16,6,5,3,3,6
3065,11,4,4,2,2,5
350,2,2,1,1,1,3
7846,2,2,2,1,1,3
4696,16,4,5,4,6,4
7823,10,2,3,5,6,2
4639,1,1,1,1,1,1
3414,13,5,5,1,3,5
7537,12,4,4,2,3,5
82,16,6,6,2,3,6
4605,2,1,1,5,1,1
8590,6,2,3,1,5,3
2883,16,5,5,4,5,5
832,17,5,5,4,5,5
6977,6,3,2,5,1,3
1569,3,2,2,1,1,2
8748,5,2,2,1,3,3
5420,12,5,5,1,2,5
2313,1,1,1,1,1,1
4472,15,5,5,4,3,5
6716,5,2,2,5,4,2
1502,17,5,5,6,5,4
7560,9,2,3,4,6,2
1298,8,4,3,4,1,4
1946,1,1,1,3,1,1
2914,1,1,1,1,1,1
1223,17,5,5,5,5,5
8654,18,6,6,5,5,5
4241,13,4,5,1,6,4
4355,4,3,2,1,1,4
7190,2,2,1,6,1,1
711,9,3,4,1,5,3
7338,6,2,2,5,4,2
2623,7,3,2,5,2,3
4801,6,2,2,4,3,2
6650,8,2,3,4,5,2
4360,16,5,5,4,6,5
1732,3,2,2,2,2,2
5040,1,1,1,6,1,1
4263,2,1,1,6,1,1
4052,9,4,3,2,1,5
3932,10,4,3,4,3,4
6467,5,2,2,3,2,2
8294,7,3,3,1,3,3
1140,1,1,1,1,3,1
3768,9,4,3,4,2,4
2128,3,2,1,6,1,2
6459,5,2,2,1,5,2
2253,12,4,5,1,4,5
2146,12,4,3,5,3,4
4673,9,3,3,6,3,3
1278,3,2,2,1,1,3
173,8,4,3,4,1,3
8147,13,5,5,2,2,5
5065,1,1,1,1,1,1
3195,10,4,4,1,2,5
6730,18,5,5,5,6,4
3300,7,3,3,1,1,4
3828,18,6,6,1,4,6
4388,13,5,5,3,3,5
2908,2,1,1,1,1,2
4042,3,1,1,6,6,1
2099,1,1,1,5,1,1
3245,9,3,3,4,5,3
8546,7,4,3,1,1,4
7311,5,3,3,1,1,4
8189,14,4,5,3,6,4
7567,6,2,1,6,4,1
4618,15,5,5,2,3,5
5715,13,4,4,4,5,4
534,14,5,5,1,4,5
3018,7,2,2,6,4,2
5082,2,1,1,3,1,1
8851,12,4,4,3,5,4
66,18,6,6,5,3,6
4396,8,3,3,4,2,3
2796,7,3,3,1,1,4
355,7,2,3,3,4,3
2151,6,2,2,4,3,2
2153,1,1,1,5,1,1
5279,2,1,2,1,3,2
6466,6,2,3,1,5,3
2681,9,4,3,5,1,4
3131,8,3,2,5,5,2
473,5,2,3,1,2,3
2064,13,3,4,5,6,3
7252,8,3,3,3,2,3
8754,3,2,2,3,1,2
8020,11,4,4,2,2,5
3401,8,3,3,4,3,3
2240,7,4,2,6,1,2
869,14,4,4,4,6,4
1576,12,3,3,6,6,2
324,11,4,4,4,3,4
5864,20,6,6,3,5,6
8396,16,5,4,6,6,3
4746,2,1,1,1,1,1
4795,2,1,1,1,2,1
2068,11,4,5,1,3,5
1403,10,4,5,1,2,5
8392,16,5,4,6,4,4
2880,10,3,3,4,5,3
5765,1,1,1,1,1,1
1076,7,3,2,6,3,2
8914,12,4,4,3,4,4
8133,1,1,1,6,1,1
3211,5,2,3,1,3,3
1350,18,6,6,1,4,6
3591,7,3,2,4,3,3
5970,3,1,1,6,6,1
4983,6,2,3,1,6,3
6897,14,4,5,3,5,5
7818,5,2,3,1,3,3
74,18,5,6,3,5,6
6725,18,6,6,4,4,6
8824,12,5,5,1,2,6
3038,9,2,3,6,6,2
7337,5,2,2,6,5,1
5813,1,1,1,6,6,1
7994,17,5,6,2,6,5
7285,5,2,2,5,3,2
6157,18,6,6,3,4,6
8387,5,3,2,5,1,3
6560,3,3,2,1,1,4
8217,1,1,1,1,1,1
2573,19,6,6,2,4,6
6130,12,4,4,5,3,4
3434,15,5,5,5,3,5
7414,3,2,2,3,1,2
5258,3,2,2,1,1,2
1220,19,6,6,2,4,6
3393,3,2,1,6,1,2
7523,10,4,5,1,1,5
3856,19,6,6,5,5,6
2693,2,1,1,1,1,2
6038,19,6,5,6,5,5
5047,7,3,3,2,2,4
450,16,5,5,4,3,5
3786,11,3,4,2,5,4
7650,8,2,2,5,6,2
3429,18,6,6,1,5,6
8306,12,5,5,1,1,6
178,13,5,5,1,2,5
133,3,1,2,1,3,2
6567,16,5,6,2,6,5
3382,12,3,4,5,6,3
3622,1,1,1,5,1,1
1,2,1,1,2,5,1
6391,17,6,5,6,4,4
8803,7,3,3,1,3,3
7392,16,4,5,3,6,4
1558,10,3,3,5,5,3
7170,14,4,5,3,5,5
8400,5,2,2,3,1,3
8355,3,1,2,1,3,2
3644,1,1,1,4,1,1
7440,9,3,3,3,4,3
7210,11,5,4,2,2,5
1604,16,5,5,3,4,5
7074,6,3,3,1,1,5
8835,8,3,3,3,3,3
4314,18,5,6,4,5,5
3915,20,6,6,2,5,6
409,6,2,3,2,3,3
5274,8,3,3,4,5,2
6572,7,3,2,6,3,2
1028,16,5,5,4,5,4
158,11,5,4,2,1,5
389,20,6,6,3,5,6
2615,15,5,4,6,4,4
1982,2,1,1,2,1,1
8144,13,5,5,3,2,5
5301,7,2,2,4,5,2
1666,16,5,6,3,4,6
4780,2,1,1,6,4,1
713,16,5,5,3,5,5
8017,18,5,5,5,5,5
511,2,1,1,1,1,2
1062,16,5,5,2,5,5
3258,9,3,3,2,4,3
5636,19,6,6,4,3,6
3837,11,4,3,5,3,4
1979,19,6,6,3,3,6
2115,6,2,2,5,5,2
3209,17,5,6,3,5,5
5559,10,3,3,4,5,3
7253,6,3,3,2,1,3
5227,7,3,2,4,3,3
4111,19,6,6,2,4,6
4766,5,3,2,1,1,3
5112,7,3,3,1,3,3
4386,1,1,1,6,1,1
1964,7,2,2,5,6,1
5844,19,6,6,4,5,6
2743,11,4,4,4,4,3
7348,7,2,2,5,4,2
4177,17,5,6,1,5,6
5816,20,6,6,3,5,6
2923,3,1,2,2,4,2
6168,12,5,4,4,1,5
3863,3,2,2,1,1,3
6026,13,4,5,3,4,4
4051,20,6,6,2,4,6
795,3,1,2,1,6,1
4351,7,2,2,4,4,2
5943,14,5,5,3,4,5
3762,1,1,1,6,1,1
8050,16,5,6,2,4,6
252,6,3,2,4,2,3
7112,13,4,5,1,5,5
5685,13,6,5,2,1,6
6841,1,1,1,1,1,1
2755,6,2,1,6,5,1
8716,6,3,3,2,2,3
6720,7,3,3,3,2,3
3502,14,5,4,6,3,4
6517,16,5,6,1,4,6
1234,16,5,5,4,3,5
8171,14,4,4,6,5,3
3173,8,4,4,1,1,6
6584,9,3,3,2,6,3
6850,1,1,1,6,1,1
8249,8,2,3,2,5,3
6192,9,3,3,3,5,3
5900,7,3,2,6,4,2
3747,20,6,6,5,5,6
7088,17,5,5,4,5,5
8519,5,2,3,1,2,3
4268,9,4,3,4,1,4
4234,7,2,2,6,6,1
1627,1,1,1,1,1,1
3847,6,3,3,1,1,4
3530,4,1,1,6,5,1
4133,14,4,4,6,4,4
7936,5,2,1,6,5,1
6131,18,6,6,2,3,6
7754,2,1,1,3,1,2
3034,3,2,2,3,1,2
2019,15,5,5,3,5,5
612,2,1,1,1,1,2
5919,18,6,6,5,4,6
8080,19,6,6,1,4,6
8934,3,2,1,5,1,1
1808,13,5,5,1,2,5
5564,10,3,4,1,4,4
7507,15,5,5,2,4,5
7796,2,1,1,2,1,1
2465,13,4,4,4,3,4
3937,13,5,4,5,3,4
4635,9,3,3,6,4,2
6193,10,3,3,5,6,2
8583,17,6,6,2,4,6
504,6,2,2,4,4,2
5131,20,6,5,6,5,5
275,9,3,3,4,4,3
3708,4,2,1,6,2,1
4752,1,1,1,1,2,1
5935,20,6,6,3,5,6
5504,2,1,1,3,4,1
2349,8,2,2,5,6,2
7932,10,4,4,1,3,4
5800,9,3,3,2,5,3
5523,18,6,6,4,4,6
3208,6,3,2,5,2,2
6537,5,2,2,2,5,2
3942,20,6,6,4,5,6
684,10,3,3,5,6,2
8078,17,6,6,1,3,6
998,20,6,6,5,5,6
2305,1,1,1,6,1,1
6718,14,5,5,1,2,6
1177,15,5,5,3,4,5
1347,10,3,4,3,4,4
3615,14,3,5,3,6,4
745,1,1,1,6,1,1
7725,2,1,1,6,2,1
8893,4,1,1,5,6,1
4727,19,6,6,3,5,6
6561,2,1,1,6,1,1
2795,12,5,4,2,1,5
7266,19,6,6,3,5,6
6334,1,1,1,1,1,1
1531,5,3,2,5,1,2
6125,17,6,5,4,4,5
6001,3,2,1,4,1,2
6553,5,3,1,6,1,1
8469,14,4,5,3,5,4
694,7,4,2,6,1,3
486,16,5,6,1,3,6
8874,12,4,4,2,5,4
5820,16,6,5,2,2,6
983,5,2,2,5,4,2
3015,12,4,3,6,5,3
80,10,4,4,3,2,4
3488,15,4,5,3,6,4
3871,15,5,4,6,5,4
7111,10,3,4,3,6,3
5489,13,5,5,3,2,5
5977,18,6,6,3,3,6
6525,11,4,4,2,3,5
6488,3,1,2,1,4,2
4102,15,5,4,5,4,4
7926,3,2,2,1,1,3
1657,6,3,2,6,1,2
446,19,6,6,5,3,6
4511,10,4,3,5,3,3
4130,9,4,3,3,2,4
8316,2,2,1,3,1,2
6521,19,5,6,2,6,5
6202,18,5,6,3,5,6
5534,19,6,6,4,4,6
7682,19,6,6,4,5,6
5713,9,4,4,1,1,5
2514,9,3,3,2,4,3
6722,17,6,5,5,3,6
8637,7,3,1,6,2,1
69,1,1,1,4,1,1
6863,1,1,1,1,1,1
49,9,4,2,6,2,2
1054,3,2,1,6,1,1
6156,15,4,5,3,6,4
7497,17,5,5,4,6,5
3032,2,2,1,4,1,2
8045,2,2,1,3,1,2
7079,14,5,4,5,3,4
5329,3,2,2,1,2,2
8269,16,5,5,3,3,6
4540,13,4,4,4,5,4
3106,19,6,6,1,4,6
1468,6,2,2,4,5,2
5255,2,1,1,5,2,1
394,17,5,5,5,5,5
6963,5,3,2,3,1,3
231,7,3,2,6,3,2
1321,11,5,4,1,1,5
42,18,5,6,2,6,6
4223,18,6,6,2,4,6
8277,3,1,1,2,3,1
7905,7,3,1,6,2,1
2456,10,4,4,1,2,5
1791,8,2,3,2,6,3
4297,17,5,5,6,5,4
7998,2,1,1,4,4,1
7128,5,2,2,3,2,2
8598,17,5,5,4,5,5
1324,8,3,2,5,4,2
8438,17,5,6,2,5,6
4994,8,4,3,3,1,4
2224,18,6,6,5,3,6
1492,8,3,2,5,4,2
6092,18,6,6,4,4,6
3266,11,4,4,2,4,4
62,10,4,4,1,2,5
4353,20,6,6,5,5,6
6481,11,3,4,2,6,4
7749,16,5,4,6,6,4
8202,8,2,2,6,5,2
403,1,1,1,1,1,1
333,17,5,6,2,5,6
7426,1,1,1,1,1,1
1010,18,6,6,2,4,6
1169,17,5,6,1,5,6
7709,10,4,4,3,3,4
7868,12,4,4,2,3,5
5063,16,5,5,4,3,5
1769,5,1,1,6,6,1
4843,6,2,2,4,5,2
4175,18,6,6,4,5,5
7108,20,6,6,4,4,6
7224,11,3,4,1,6,4
1439,16,5,5,4,5,5
6866,7,3,2,4,2,3
7413,1,1,1,6,1,1
8901,1,1,1,1,2,1
1335,2,1,1,1,4,1
5563,18,5,6,4,6,5
8694,11,4,4,4,2,4
8896,17,6,5,6,4,5
5819,9,4,4,1,1,5
6504,10,4,4,2,3,4
5741,18,6,6,4,5,6
5706,13,4,4,4,5,4
3986,16,6,5,4,3,5
5377,8,2,3,4,6,2
707,19,6,5,6,6,5
3044,10,4,4,2,3,4
6416,4,2,1,6,3,1
3542,16,5,5,2,3,6
8030,7,3,3,1,3,3
6829,14,5,5,1,4,5
2288,7,3,2,4,2,3
4455,3,1,1,6,5,1
1563,18,6,6,3,3,6
3949,5,1,2,3,6,1
8887,13,5,5,2,3,5
3621,17,6,6,1,4,6
697,20,6,6,4,6,6
1104,14,4,4,4,6,4
474,9,4,3,3,2,4
380,16,5,5,5,5,5
7963,19,5,6,5,6,5
8138,16,5,5,5,5,4
4615,20,6,6,3,6,6
7685,12,4,4,2,3,4
8406,9,2,3,4,6,2
6865,18,6,6,2,5,6
8844,17,5,5,5,6,4
4093,4,2,2,4,1,2
382,17,6,6,3,4,6
5832,15,5,6,1,5,6
2158,18,6,6,5,6,5
8651,14,5,5,3,3,5
4914,9,4,3,5,1,4
5829,18,6,6,2,3,6
2073,8,4,3,4,1,4
1672,9,3,4,1,5,3
6653,6,3,3,2,2,3
59,6,2,3,2,3,3
3689,20,6,6,6,6,6
7773,14,4,4,4,4,4
5770,8,3,3,2,3,3
5581,4,2,2,2,2,2
2628,18,6,6,3,5,6
4895,11,4,4,2,3,4
6449,6,3,2,3,2,3
2821,12,4,4,3,5,4
1194,2,1,1,2,1,1
5621,18,6,5,6,4,5
859,15,6,5,5,1,5
8283,11,3,4,2,5,4
6120,20,6,6,5,6,6
8885,1,1,1,1,1,1
6629,4,2,2,4,3,2
1537,2,1,1,2,1,1
746,1,1,1,1,1,1
1942,14,5,4,6,3,4
2009,20,6,6,5,5,6
6301,12,4,4,5,3,4
4887,11,4,3,5,4,3
4484,14,4,5,3,5,4
6996,19,6,6,1,5,6
3170,11,4,4,1,3,5
6644,18,6,6,4,5,5
2139,5,2,2,5,2,2
5640,6,2,2,5,3,2
4191,7,2,2,4,5,2
5643,10,3,3,5,6,2
7600,11,4,4,2,3,4
2166,16,6,6,1,1,6
4095,13,5,4,4,3,4
1534,16,5,4,6,5,4
3853,7,3,2,6,1,3
8029,5,2,2,2,1,3
8499,20,6,6,5,6,6
3667,1,1,1,6,2,1
1692,8,4,3,4,1,3
7427,11,5,4,1,2,5
8618,4,1,2,3,4,2
6691,14,5,5,1,2,6
6683,15,4,5,3,6,4
4320,2,1,1,3,6,1
215,2,1,1,1,2,1
5216,7,3,2,6,3,2
1919,14,4,5,3,6,4
6116,10,3,3,5,4,3
863,18,5,5,6,6,4
4,3,2,2,1,2,2
3962,9,4,5,1,1,5
8267,2,1,1,6,6,1
3834,8,2,3,3,5,3
1663,8,2,3,2,6,2
182,16,5,5,4,4,5
1619,10,2,3,4,6,2
5262,17,5,5,6,5,4
6064,1,1,1,1,1,1
3602,12,3,4,5,6,2
1738,8,2,3,4,5,2
7145,7,3,3,3,3,3
5350,17,6,6,2,3,6
1938,12,4,5,2,3,5
6413,3,2,1,2,1,2
8377,12,5,4,4,2,4
5366,16,5,5,5,3,5
6901,8,3,2,5,2,3
3845,12,4,4,5,5,3
71,19,6,6,2,3,6
545,14,4,5,1,6,4
3186,16,5,6,2,3,6
836,16,5,5,4,3,5
3017,3,1,1,4,6,1
8678,2,1,1,1,1,2
8197,19,6,5,6,4,5
6387,9,3,3,2,4,3
8711,16,5,5,6,5,4
368,3,1,1,4,3,1
6815,14,4,4,5,6,4
3232,3,1,1,4,2,1
5971,5,2,1,6,3,1
1833,12,4,3,5,3,4
878,10,5,4,2,1,5
7702,1,1,1,6,2,1
6776,8,2,4,1,6,3
8769,3,2,2,1,2,2
3466,3,1,1,6,3,1
8562,15,4,5,3,5,4
1865,1,1,1,1,1,1
6325,10,3,2,6,4,2
3298,13,5,5,1,2,5
1545,18,6,4,6,5,4
7054,3,2,2,2,2,2
7345,8,4,3,3,1,4
8428,9,4,3,4,2,4
7363,11,3,3,6,5,2
7667,14,5,4,5,2,5
5392,15,5,5,3,2,5
1433,2,2,2,1,1,3
4141,11,4,4,3,3,4
4408,12,5,5,1,1,6
4343,16,5,5,3,6,5
5981,3,1,2,3,3,2
2405,16,5,4,6,3,4
7633,10,3,2,6,5,2
1730,14,4,5,3,6,4
2276,12,4,4,3,5,4
6302,8,3,3,3,3,3
6473,20,6,6,5,5,6
5270,9,4,3,4,2,3
2610,5,2,2,6,3,2
3807,3,2,2,3,2,2
2472,10,4,3,6,3,3
219,18,6,6,1,5,6
5945,3,1,1,6,3,1
8167,6,2,2,4,6,2
3149,18,6,6,4,4,6
8544,7,2,2,6,5,1
1245,11,4,4,4,2,4
3678,8,4,3,4,1,3
5875,4,2,2,3,2,2
4242,3,1,1,6,3,1
6286,16,5,6,2,4,6
1644,2,1,1,2,5,1
7511,3,2,2,1,1,3
8809,3,2,1,6,1,1
577,8,2,3,2,5,3
7782,2,2,1,2,1,2
1167,6,2,2,3,3,2
3911,11,4,4,2,2,5
7900,16,5,4,6,6,3
416,2,1,1,6,1,1
5859,8,3,4,1,3,4
8245,7,3,3,2,2,4
5066,11,4,4,2,4,4
760,16,5,5,2,3,6
1386,3,1,1,4,5,1
3579,2,1,1,6,2,1
1202,15,5,5,2,2,6
3539,3,2,1,6,1,1
8405,7,3,3,3,2,3
2856,5,2,3,1,4,3
4815,11,3,4,3,5,3
3329,12,4,4,3,3,4
5146,15,5,5,4,4,5
5897,3,2,2,2,1,2
4340,8,4,4,1,1,5
4113,7,3,3,3,1,4
783,9,2,3,3,6,3
4392,9,3,3,3,5,3
329,3,1,2,1,5,2
4871,7,3,3,1,2,4
4825,18,6,6,4,5,5
7131,18,6,5,6,4,4
8522,9,3,4,1,4,4
3205,16,5,6,1,6,5
5293,10,4,3,5,2,4
1112,2,1,1,6,1,1
2302,4,2,2,4,2,2
6917,12,4,4,2,2,5
2108,6,2,2,3,4,2
3376,2,1,1,4,1,1
1282,14,5,4,6,3,4
4078,2,1,2,1,1,3
2246,20,6,6,2,4,6
8613,11,5,4,2,1,5
7473,14,4,3,6,6,3
4640,10,3,3,6,6,2
3821,15,5,5,5,4,5
4853,4,2,2,3,3,2
971,3,1,1,5,6,1
7631,10,2,4,2,6,2
5738,4,2,1,6,1,2
5122,4,2,1,6,3,1
5248,5,1,1,6,6,1
6142,12,4,4,3,4,4
3474,13,5,5,3,1,5
4039,11,3,3,6,6,2
3285,13,4,5,3,4,4
1283,10,4,3,5,3,4
3435,11,2,4,2,6,3
4116,16,4,5,6,6,4
4248,3,1,1,6,3,1
1438,13,4,5,1,3,5
2190,2,1,1,3,2,1
8662,7,2,2,5,5,2
112,9,2,3,5,6,2
3888,3,1,1,5,2,1
8917,2,1,1,1,3,1
8884,3,1,1,4,1,2
5325,18,5,6,2,6,5
7469,18,6,6,5,5,5
6182,14,5,4,6,3,4
7898,3,2,2,3,2,2
8009,13,4,5,2,5,4
3064,12,4,4,3,3,4
6926,1,1,1,1,1,1
6522,4,3,1,5,1,3
3003,6,2,2,6,4,2
1299,12,4,4,5,3,4
